cpu_usage,ram_usage,user_type,process_priority,process_state
1.7,0.2,1,37,2
0.0,0.0,1,4,2
0.0,0.2,1,37,2
0.0,0.1,1,20,2
0.1,0.3,1,37,2
0.1,0.1,1,50,2
0.0,0.2,1,4,2
0.0,0.1,0,4,2
0.0,0.2,1,4,2
0.0,0.2,1,37,2
0.0,0.1,1,37,2
0.0,0.2,1,37,2
0.0,0.1,1,37,2
0.0,0.2,1,37,2
0.0,0.9,1,50,2
0.0,0.3,1,20,2
0.0,0.1,0,4,2
0.0,0.1,1,4,2
0.0,0.1,1,37,2
0.0,0.3,1,4,2
0.0,0.4,1,4,2
0.0,0.2,1,37,2
0.0,0.3,1,37,2
0.0,0.1,1,4,2
0.0,0.1,1,4,2
0.0,0.1,0,37,2
0.0,0.1,1,37,2
0.0,0.1,0,37,2
0.0,0.2,0,4,2
0.0,0.1,1,20,2
0.0,0.1,0,20,2
0.0,0.1,1,4,2
0.0,0.6,0,63,2
0.0,0.1,1,37,2
0.0,0.1,1,4,2
0.0,0.1,1,37,2
0.0,0.1,1,47,2
0.0,0.1,0,63,2
0.0,0.2,1,37,2
0.0,0.2,1,61,2
0.0,0.2,1,37,2
0.2,0.0,1,37,2
0.0,0.1,0,37,2
0.0,0.0,1,4,2
0.0,0.1,1,4,2
0.0,0.1,1,37,2
0.0,0.1,1,37,2
0.0,0.1,1,4,2
0.0,0.2,1,37,2
0.0,0.2,0,63,2
0.0,0.1,0,4,2
42.7,0.3,1,37,1
0.0,0.1,1,4,2
0.0,0.1,0,4,2
0.0,0.1,0,37,2
0.0,0.1,1,37,2
0.0,0.3,1,4,2
0.2,0.8,0,79,2
0.0,0.1,1,4,2
0.0,0.1,0,4,2
0.0,0.2,0,37,2
0.0,0.1,1,20,2
0.0,0.1,1,4,2
0.0,0.1,1,37,2
0.0,0.1,1,4,2
0.0,0.1,1,4,2
0.0,0.5,1,20,2
0.3,5.3,1,20,2
51.0,0.5,1,20,2
0.0,0.1,1,37,2
0.0,0.1,1,4,2
0.0,0.2,1,4,2
0.0,0.1,1,20,2
0.0,0.1,0,4,2
0.0,0.2,1,4,2
0.0,0.2,1,4,2
0.0,0.2,0,4,2
0.0,0.1,0,4,2
0.0,0.1,0,50,2
0.0,0.2,0,4,2
0.0,0.1,1,37,2
0.0,0.1,1,4,2
0.0,0.1,1,4,2
0.0,0.0,0,4,2
0.0,0.1,0,4,2
0.0,0.1,0,4,2
0.0,0.1,1,97,2
0.0,1.5,1,37,2
0.0,0.1,1,63,2
0.0,0.1,1,4,2
0.0,0.0,1,37,2
0.0,0.1,1,4,2
0.0,0.1,0,4,2
0.0,0.1,1,4,2
0.0,0.1,1,4,2
0.0,0.1,1,20,2
0.0,0.1,1,4,2
0.0,0.1,1,4,2
0.0,0.1,1,4,2
0.0,0.1,1,63,2
0.0,0.1,1,4,2
0.0,0.1,1,61,2
0.0,0.0,1,4,2
0.0,0.1,0,37,2
0.0,0.1,1,4,2
0.0,0.1,1,4,2
0.0,0.1,1,4,2
0.0,0.3,1,37,2
0.0,0.1,0,4,2
0.0,0.0,0,37,2
0.0,0.1,1,20,2
0.0,0.1,1,37,2
0.0,0.1,1,20,2
0.0,0.0,0,4,2
0.0,0.4,0,37,2
0.0,0.1,0,37,2
0.0,0.2,0,61,2
0.0,0.4,0,37,2
0.0,0.1,0,4,2
0.0,0.5,0,4,2
0.0,3.5,0,61,2
0.0,0.1,0,4,2
0.0,0.4,0,47,2
0.0,0.2,0,37,2
0.0,0.5,0,47,2
0.0,0.9,0,46,2
0.0,0.1,0,37,2
0.0,0.3,0,37,2
0.0,0.5,0,47,2
0.0,0.2,0,4,2
0.0,0.3,0,20,2
0.0,0.5,0,4,2
0.0,0.2,0,4,2
0.0,0.5,0,20,2
0.0,0.2,0,4,2
0.0,0.2,0,4,2
0.0,0.3,0,4,2
0.0,0.4,0,4,2
0.0,0.2,0,37,2
0.0,0.6,0,4,2
0.0,0.2,0,4,2
0.0,0.2,0,4,2
0.0,0.2,0,4,2
0.0,0.1,0,4,2
0.0,0.4,0,37,2
0.0,0.2,0,4,2
0.0,0.3,0,46,2
0.0,0.1,1,37,2
0.0,0.2,0,37,2
0.0,0.3,0,37,2
0.0,0.1,0,4,2
0.0,0.6,0,46,2
0.0,0.2,0,4,2
0.0,0.8,0,37,2
0.0,0.2,0,4,2
0.0,0.2,1,37,2
0.0,1.4,0,4,2
0.0,1.4,0,4,2
0.0,0.3,0,37,2
0.0,0.5,0,46,2
0.0,0.1,0,37,2
0.0,0.1,1,4,2
0.0,0.2,0,4,2
0.0,0.4,0,4,2
0.0,0.2,0,4,2
0.0,0.2,0,4,2
0.0,0.1,0,4,2
0.0,0.1,0,4,2
0.0,0.3,0,4,2
0.0,0.4,0,4,2
0.0,0.3,0,4,2
0.0,0.1,0,37,2
0.0,0.4,0,20,2
0.0,2.0,1,37,2
0.0,0.1,0,4,2
0.0,0.1,0,4,2
0.0,0.1,1,4,2
0.0,0.1,1,4,2
0.0,0.2,0,4,2
0.0,0.4,0,4,2
0.0,0.1,0,4,2
0.0,0.1,0,37,2
0.0,0.2,0,4,2
0.0,0.2,0,4,2
0.0,0.2,0,4,2
0.0,0.2,0,4,2
0.0,0.3,0,20,2
0.0,0.3,0,4,2
0.0,0.1,0,4,2
0.0,0.2,0,4,2
0.0,0.2,0,4,2
0.0,0.1,0,4,2
0.0,0.5,0,4,2
0.0,0.1,0,4,2
0.0,0.2,0,4,2
0.0,0.1,0,46,2
0.0,0.1,0,4,2
0.0,0.2,0,4,2
0.0,0.1,0,4,2
0.0,0.1,0,4,2
0.0,0.1,0,37,2
0.0,0.2,0,37,2
0.0,0.2,0,37,2
0.0,0.1,0,4,2
0.0,0.2,0,4,2
0.0,0.1,0,4,2
0.0,0.2,0,4,2
0.0,0.3,0,37,2
0.0,0.2,0,37,2
0.0,0.2,0,46,2
0.0,0.2,0,4,2
0.0,0.2,0,4,2
0.0,0.2,0,4,2
0.0,0.1,0,4,2
0.0,0.1,0,4,2
0.0,0.1,0,31,2
0.0,0.1,0,46,2
0.0,0.1,1,31,2
0.0,0.1,0,4,2
0.0,0.2,0,46,2
0.0,0.2,0,20,2
0.0,0.4,0,46,2
0.0,0.2,0,37,2
0.0,0.1,0,4,2
0.0,0.1,0,31,2
0.0,1.5,0,49,2
0.0,0.8,0,31,2
0.0,0.1,0,4,2
0.0,0.1,0,4,2
0.0,0.7,0,31,2
0.0,0.1,0,4,2
0.0,1.4,0,31,2
0.0,0.7,0,31,2
0.2,0.7,0,31,2
0.0,1.0,0,31,2
0.0,0.8,0,31,2
0.0,0.1,0,20,2
0.0,0.1,0,20,2
0.0,0.2,0,4,2
0.0,0.1,1,4,2
0.0,0.2,0,4,2
0.0,0.1,0,4,2
0.0,0.1,0,4,2
0.0,0.1,0,4,2
0.0,0.1,0,4,2
0.0,0.6,0,4,2
0.0,0.1,1,37,2
0.0,0.1,0,20,2
0.0,0.3,0,37,2
0.0,0.2,0,4,2
0.0,0.2,1,4,2
0.0,0.2,0,4,2
0.0,0.1,0,4,2
0.0,0.1,0,4,2
0.0,0.1,0,4,2
0.0,0.9,0,4,2
0.0,0.3,0,4,2
0.0,0.2,0,20,2
0.0,0.8,0,4,2
0.0,0.7,0,4,2
0.0,0.8,0,4,2
0.0,0.7,0,4,2
0.0,0.0,0,37,2
0.0,0.2,0,4,2
0.0,0.1,0,4,2
0.0,0.1,0,4,2
0.0,0.2,0,4,2
0.0,0.2,0,4,2
0.0,0.2,0,4,2
0.0,0.4,0,4,2
0.0,0.4,0,4,2
0.0,0.3,0,4,2
0.0,0.7,0,37,2
0.0,0.3,0,37,2
0.0,0.2,0,46,2
0.0,0.1,0,4,2
0.0,0.1,0,4,2
0.0,0.3,0,4,2
0.0,0.2,0,4,2
0.0,0.1,0,20,2
0.0,0.2,0,4,2
0.0,0.4,0,4,2
0.0,0.7,0,4,2
0.0,0.2,0,4,2
0.0,0.3,0,31,2
0.0,0.4,0,31,2
0.0,0.3,0,4,2
0.0,0.3,0,4,2
0.0,0.3,0,4,2
0.0,0.3,0,4,2
0.0,0.3,0,4,2
0.0,0.3,0,4,2
0.0,0.3,0,4,2
0.0,0.1,0,4,2
0.0,0.3,0,4,2
0.0,0.4,0,4,2
0.0,0.2,0,4,2
0.0,0.1,1,37,2
10.7,8.5,0,47,2
0.0,0.1,0,31,2
0.1,0.7,0,31,2
0.0,0.2,0,4,2
48.4,0.7,0,31,2
0.0,0.3,0,4,2
0.0,0.0,1,20,5
3.0,0.2,1,37,2
0.0,0.0,1,4,2
0.0,0.2,1,37,2
0.0,0.1,1,20,2
0.0,0.3,1,37,2
0.1,0.1,1,50,2
0.0,0.2,1,4,2
0.0,0.1,0,4,2
0.0,0.2,1,4,2
0.0,0.2,1,37,2
0.0,0.1,1,37,2
0.3,0.2,1,37,2
0.0,0.1,1,37,2
0.0,0.2,1,37,2
0.0,0.9,1,50,2
0.0,0.3,1,20,2
0.0,0.1,0,4,2
0.0,0.1,1,4,2
0.0,0.1,1,37,2
0.0,0.3,1,4,2
0.0,0.4,1,4,2
0.0,0.2,1,37,2
0.0,0.3,1,37,2
0.0,0.1,1,4,2
0.0,0.1,1,4,2
0.0,0.1,0,37,2
0.0,0.1,1,37,2
0.0,0.1,0,37,2
0.0,0.2,0,4,2
0.0,0.1,1,20,2
0.0,0.1,0,20,2
0.0,0.1,1,4,2
0.0,0.6,0,63,2
0.0,0.1,1,37,2
0.0,0.1,1,4,2
0.0,0.1,1,37,2
0.0,0.1,1,47,2
1.5,0.1,0,63,2
0.0,0.2,1,37,2
0.0,0.2,1,61,2
0.0,0.2,1,37,2
0.2,0.0,1,37,2
0.0,0.1,0,37,2
0.0,0.0,1,4,2
0.0,0.1,1,4,2
0.0,0.1,1,37,2
0.0,0.1,1,37,2
0.0,0.1,1,4,2
0.0,0.2,1,37,2
0.0,0.2,0,63,2
0.0,0.1,0,4,2
44.2,0.3,1,4,1
0.0,0.1,1,4,2
0.0,0.1,0,4,2
0.0,0.1,0,37,2
0.0,0.1,1,37,2
0.0,0.3,1,4,2
0.3,0.8,0,79,2
0.0,0.1,1,4,2
0.0,0.1,0,4,2
0.0,0.2,0,4,2
0.0,0.1,1,20,2
0.0,0.1,1,4,2
0.0,0.1,1,37,2
0.0,0.1,1,4,2
0.0,0.1,1,4,2
0.0,0.5,1,20,2
0.0,5.3,1,20,2
49.1,0.5,1,20,1
0.0,0.1,1,37,2
0.0,0.1,1,4,2
0.0,0.2,1,4,2
0.0,0.1,1,20,2
0.0,0.1,0,4,2
0.0,0.2,1,4,2
0.0,0.2,1,4,2
0.0,0.2,0,4,2
0.0,0.1,0,4,2
0.0,0.1,0,50,2
0.0,0.2,0,4,2
0.0,0.1,1,37,2
0.0,0.1,1,4,2
0.0,0.1,1,4,2
0.0,0.0,0,4,2
0.0,0.1,0,4,2
0.0,0.1,0,4,2
0.0,0.1,1,97,2
1.2,1.5,1,37,2
0.0,0.1,1,63,2
0.0,0.1,1,4,2
0.0,0.0,1,37,2
0.0,0.1,1,4,2
0.0,0.1,0,4,2
0.0,0.1,1,4,2
0.0,0.1,1,4,2
0.0,0.1,1,20,2
0.0,0.1,1,4,2
0.0,0.1,1,4,2
0.0,0.1,1,4,2
0.0,0.1,1,63,2
0.0,0.1,1,4,2
0.0,0.1,1,61,2
0.0,0.0,1,4,2
0.0,0.1,0,37,2
0.0,0.1,1,4,2
0.0,0.1,1,4,2
0.0,0.1,1,4,2
0.0,0.3,1,37,2
0.0,0.1,0,4,2
0.0,0.0,0,37,2
0.0,0.1,1,20,2
0.0,0.1,1,37,2
0.0,0.1,1,20,2
0.0,0.0,0,4,2
0.0,0.4,0,37,2
0.0,0.1,0,37,2
0.0,0.2,0,61,2
0.0,0.4,0,37,2
0.0,0.1,0,4,2
0.0,0.5,0,4,2
0.0,3.5,0,61,2
0.0,0.1,0,4,2
0.0,0.4,0,47,2
0.0,0.2,0,37,2
0.0,0.5,0,47,2
0.0,0.9,0,46,2
0.0,0.1,0,37,2
0.0,0.3,0,37,2
0.0,0.5,0,47,2
0.0,0.2,0,4,2
0.0,0.3,0,20,2
0.0,0.5,0,4,2
0.0,0.2,0,4,2
0.0,0.5,0,20,2
0.0,0.2,0,4,2
0.0,0.2,0,4,2
0.0,0.3,0,4,2
0.0,0.4,0,4,2
0.0,0.2,0,37,2
0.0,0.6,0,4,2
0.0,0.2,0,4,2
0.0,0.2,0,4,2
0.0,0.2,0,4,2
0.0,0.1,0,4,2
0.0,0.4,0,37,2
0.0,0.2,0,4,2
0.0,0.3,0,46,2
0.0,0.1,1,37,2
0.0,0.2,0,37,2
0.0,0.3,0,37,2
0.0,0.1,0,4,2
0.0,0.6,0,46,2
0.0,0.2,0,4,2
0.0,0.8,0,37,2
0.0,0.2,0,4,2
0.0,0.2,1,37,2
0.0,1.4,0,4,2
0.0,1.4,0,4,2
0.0,0.3,0,37,2
0.0,0.5,0,46,2
0.0,0.1,0,37,2
0.0,0.1,1,4,2
0.0,0.2,0,4,2
0.0,0.4,0,4,2
0.0,0.2,0,4,2
0.0,0.2,0,4,2
0.0,0.1,0,4,2
0.0,0.1,0,4,2
0.0,0.3,0,4,2
0.0,0.4,0,4,2
0.0,0.3,0,4,2
0.0,0.1,0,37,2
0.1,0.4,0,20,2
0.0,2.0,1,37,2
0.0,0.1,0,4,2
0.0,0.1,0,4,2
0.0,0.1,1,4,2
0.0,0.1,1,4,2
0.0,0.2,0,4,2
0.0,0.4,0,4,2
0.0,0.1,0,4,2
0.0,0.1,0,37,2
0.0,0.2,0,4,2
0.0,0.2,0,4,2
0.0,0.2,0,4,2
0.0,0.2,0,4,2
0.0,0.3,0,20,2
0.0,0.3,0,4,2
0.0,0.1,0,4,2
0.0,0.2,0,4,2
0.0,0.2,0,4,2
0.0,0.1,0,4,2
0.0,0.5,0,4,2
0.0,0.1,0,4,2
0.0,0.2,0,4,2
0.0,0.1,0,46,2
0.0,0.1,0,4,2
0.0,0.2,0,4,2
0.0,0.1,0,4,2
0.0,0.1,0,4,2
0.0,0.1,0,37,2
0.0,0.2,0,37,2
0.0,0.2,0,37,2
0.0,0.1,0,4,2
0.0,0.2,0,4,2
0.0,0.1,0,4,2
0.0,0.2,0,4,2
0.0,0.3,0,37,2
0.0,0.2,0,37,2
0.0,0.2,0,46,2
0.0,0.2,0,4,2
0.0,0.2,0,4,2
0.0,0.2,0,4,2
0.0,0.1,0,4,2
0.0,0.1,0,4,2
0.0,0.1,0,31,2
0.0,0.1,0,46,2
0.0,0.1,1,31,2
0.0,0.1,0,4,2
0.0,0.2,0,46,2
0.0,0.2,0,20,2
0.0,0.4,0,46,2
0.0,0.2,0,37,2
0.0,0.1,0,4,2
0.0,0.1,0,31,2
0.0,1.5,0,49,2
0.0,0.8,0,31,2
0.0,0.1,0,4,2
0.0,0.1,0,4,2
0.0,0.7,0,31,2
0.0,0.1,0,4,2
0.0,1.4,0,31,2
0.0,0.7,0,31,2
0.1,0.7,0,31,2
0.0,1.0,0,31,2
0.0,0.8,0,31,2
0.0,0.1,0,20,2
0.0,0.1,0,20,2
0.0,0.2,0,4,2
0.0,0.1,1,4,2
0.0,0.2,0,4,2
0.0,0.1,0,4,2
0.0,0.1,0,4,2
0.0,0.1,0,4,2
0.0,0.1,0,4,2
0.0,0.6,0,4,2
0.0,0.1,1,37,2
0.0,0.1,0,20,2
0.0,0.3,0,37,2
0.0,0.2,0,4,2
0.0,0.2,1,4,2
0.0,0.2,0,4,2
0.0,0.1,0,4,2
0.0,0.1,0,4,2
0.0,0.1,0,4,2
0.0,0.9,0,4,2
0.0,0.3,0,4,2
0.0,0.2,0,20,2
0.0,0.8,0,4,2
0.0,0.7,0,4,2
0.0,0.8,0,4,2
0.0,0.7,0,4,2
0.0,0.0,0,37,2
0.0,0.2,0,4,2
0.0,0.1,0,4,2
0.0,0.1,0,4,2
0.0,0.2,0,4,2
0.0,0.2,0,4,2
0.0,0.2,0,4,2
0.0,0.4,0,4,2
0.0,0.4,0,4,2
0.0,0.3,0,4,2
0.0,0.7,0,37,2
0.0,0.3,0,37,2
0.0,0.2,0,46,2
0.0,0.1,0,4,2
0.0,0.1,0,4,2
0.0,0.3,0,4,2
0.0,0.2,0,4,2
0.0,0.1,0,20,2
0.0,0.2,0,4,2
0.0,0.4,0,4,2
0.0,0.7,0,4,2
0.0,0.2,0,4,2
0.0,0.3,0,31,2
0.0,0.4,0,31,2
0.0,0.3,0,4,2
0.0,0.3,0,4,2
0.0,0.3,0,4,2
0.0,0.3,0,4,2
0.0,0.3,0,4,2
0.0,0.3,0,4,2
0.0,0.3,0,4,2
0.0,0.1,0,4,2
0.0,0.3,0,4,2
0.0,0.4,0,4,2
0.0,0.2,0,4,2
0.0,0.1,1,37,2
30.4,8.5,0,47,2
0.0,0.1,0,31,2
0.1,0.7,0,31,2
0.0,0.2,0,4,2
48.7,0.7,0,31,2
0.0,0.4,0,4,2
0.0,0.0,1,20,5
0.9,0.2,1,37,2
0.0,0.0,1,4,2
0.0,0.2,1,37,2
0.0,0.1,1,20,2
0.0,0.3,1,37,2
0.0,0.1,1,50,2
0.0,0.2,1,4,2
0.0,0.1,0,4,2
0.0,0.2,1,4,2
0.0,0.2,1,37,2
0.0,0.1,1,37,2
0.2,0.2,1,37,2
0.0,0.1,1,37,2
0.0,0.2,1,37,2
0.0,1.0,1,50,2
0.0,0.3,1,20,2
0.0,0.1,0,4,2
0.0,0.1,1,4,2
0.0,0.1,1,37,2
0.0,0.3,1,4,2
0.0,0.4,1,4,2
0.0,0.2,1,37,2
0.0,0.3,1,37,2
0.0,0.1,1,4,2
0.0,0.1,1,4,2
0.0,0.1,0,37,2
0.0,0.1,1,37,2
0.0,0.1,0,37,2
0.0,0.2,0,4,2
0.0,0.1,1,20,2
0.0,0.1,0,20,2
0.0,0.1,1,4,2
0.0,0.6,0,63,2
0.0,0.1,1,37,2
0.0,0.1,1,4,2
0.0,0.1,1,37,2
0.3,0.1,1,47,2
1.7,0.1,0,63,2
0.0,0.2,1,37,2
0.0,0.2,1,61,2
0.0,0.2,1,37,2
0.1,0.0,1,37,2
0.0,0.1,0,37,2
0.0,0.0,1,4,2
0.0,0.1,1,4,2
0.0,0.1,1,37,2
0.0,0.1,1,37,2
0.0,0.1,1,4,2
0.0,0.2,1,37,2
0.0,0.2,0,63,2
0.0,0.1,0,4,2
42.6,0.3,1,4,1
0.0,0.1,1,4,2
0.0,0.1,0,4,2
0.0,0.1,0,37,2
0.0,0.1,1,37,2
0.0,0.3,1,4,2
0.4,0.8,0,79,2
0.0,0.1,1,4,2
0.0,0.1,0,4,2
0.0,0.2,0,4,2
0.0,0.1,1,20,2
0.0,0.1,1,4,2
0.0,0.1,1,37,2
0.0,0.1,1,4,2
0.0,0.1,1,4,2
0.0,0.5,1,20,2
0.3,5.3,1,20,2
50.2,0.5,1,20,1
0.0,0.1,1,37,2
0.0,0.1,1,4,2
0.0,0.2,1,4,2
0.0,0.1,1,20,2
0.0,0.1,0,4,2
0.0,0.2,1,4,2
0.0,0.2,1,4,2
0.0,0.2,0,4,2
0.0,0.1,0,4,2
0.0,0.1,0,50,2
0.0,0.2,0,4,2
0.0,0.1,1,37,2
0.0,0.1,1,4,2
0.0,0.1,1,4,2
0.0,0.0,0,4,2
0.0,0.1,0,4,2
0.0,0.1,0,4,2
0.0,0.1,1,97,2
0.0,1.5,1,37,2
0.0,0.1,1,63,2
0.0,0.1,1,4,2
0.0,0.0,1,37,2
0.0,0.1,1,4,2
0.0,0.1,0,4,2
0.0,0.1,1,4,2
0.0,0.1,1,4,2
0.0,0.1,1,20,2
0.0,0.1,1,4,2
0.0,0.1,1,4,2
0.0,0.1,1,4,2
0.0,0.1,1,63,2
0.0,0.1,1,4,2
0.0,0.1,1,61,2
0.0,0.0,1,4,2
0.0,0.1,0,37,2
0.0,0.1,1,4,2
0.0,0.1,1,4,2
0.0,0.1,1,4,2
0.0,0.3,1,37,2
0.0,0.1,0,4,2
0.0,0.0,0,37,2
0.0,0.1,1,20,2
0.0,0.1,1,37,2
0.0,0.1,1,20,2
0.0,0.0,0,4,2
0.0,0.4,0,37,2
0.0,0.1,0,37,2
0.0,0.2,0,61,2
0.0,0.4,0,37,2
0.0,0.1,0,4,2
0.0,0.5,0,4,2
0.0,3.5,0,61,2
0.0,0.1,0,4,2
0.0,0.4,0,47,2
0.0,0.2,0,37,2
0.0,0.5,0,47,2
0.0,0.9,0,46,2
0.0,0.1,0,37,2
0.0,0.3,0,37,2
0.0,0.5,0,47,2
0.0,0.2,0,4,2
0.0,0.3,0,20,2
0.0,0.5,0,4,2
0.0,0.2,0,4,2
0.0,0.5,0,20,2
0.0,0.2,0,4,2
0.0,0.2,0,4,2
0.0,0.3,0,4,2
0.0,0.4,0,4,2
0.0,0.2,0,37,2
0.0,0.6,0,4,2
0.0,0.2,0,4,2
0.0,0.2,0,4,2
0.0,0.2,0,4,2
0.0,0.1,0,4,2
0.0,0.4,0,37,2
0.0,0.2,0,4,2
0.0,0.3,0,46,2
0.0,0.1,1,37,2
0.0,0.2,0,37,2
0.0,0.3,0,37,2
0.0,0.1,0,4,2
0.0,0.6,0,46,2
0.0,0.2,0,4,2
0.0,0.8,0,37,2
0.0,0.2,0,4,2
0.0,0.2,1,37,2
0.0,1.4,0,4,2
0.0,1.4,0,4,2
0.0,0.3,0,37,2
0.0,0.5,0,4,2
0.0,0.1,0,37,2
0.0,0.1,1,4,2
0.0,0.2,0,4,2
0.0,0.4,0,4,2
0.0,0.2,0,4,2
0.0,0.2,0,4,2
0.0,0.1,0,4,2
0.0,0.1,0,4,2
0.0,0.3,0,4,2
0.0,0.4,0,4,2
0.0,0.3,0,4,2
0.0,0.1,0,37,2
0.0,0.4,0,20,2
0.0,2.0,1,37,2
0.0,0.1,0,4,2
0.0,0.1,0,4,2
0.0,0.1,1,4,2
0.0,0.1,1,4,2
0.0,0.2,0,4,2
0.0,0.4,0,4,2
0.0,0.1,0,4,2
0.0,0.1,0,37,2
0.0,0.2,0,4,2
0.0,0.2,0,4,2
0.0,0.2,0,4,2
0.0,0.2,0,4,2
0.0,0.3,0,20,2
0.0,0.3,0,4,2
0.0,0.1,0,4,2
0.0,0.2,0,4,2
0.0,0.2,0,4,2
0.0,0.1,0,4,2
0.0,0.5,0,4,2
0.0,0.1,0,4,2
0.0,0.2,0,4,2
0.0,0.1,0,46,2
0.0,0.1,0,4,2
0.0,0.2,0,4,2
0.0,0.1,0,4,2
0.0,0.1,0,4,2
0.0,0.1,0,37,2
0.0,0.2,0,37,2
0.0,0.2,0,37,2
0.0,0.1,0,4,2
0.0,0.2,0,4,2
0.0,0.1,0,4,2
0.0,0.2,0,4,2
0.0,0.3,0,37,2
0.0,0.2,0,37,2
0.0,0.2,0,46,2
0.0,0.2,0,4,2
0.0,0.2,0,4,2
0.0,0.2,0,4,2
0.0,0.1,0,4,2
0.0,0.1,0,4,2
0.0,0.1,0,31,2
0.0,0.1,0,46,2
0.0,0.1,1,31,2
0.0,0.1,0,4,2
0.0,0.2,0,46,2
0.0,0.2,0,20,2
0.0,0.4,0,46,2
0.0,0.2,0,37,2
0.0,0.1,0,4,2
0.0,0.1,0,31,2
0.0,1.5,0,49,2
0.0,0.8,0,31,2
0.0,0.1,0,4,2
0.0,0.1,0,4,2
0.0,0.7,0,31,2
0.0,0.1,0,4,2
0.0,1.4,0,31,2
0.0,0.7,0,31,2
0.1,0.7,0,31,2
0.0,1.0,0,31,2
0.0,0.8,0,31,2
0.0,0.1,0,20,2
0.0,0.1,0,20,2
0.0,0.2,0,4,2
0.0,0.1,1,4,2
0.0,0.2,0,4,2
0.0,0.1,0,4,2
0.0,0.1,0,4,2
0.0,0.1,0,4,2
0.0,0.1,0,4,2
0.0,0.6,0,4,2
0.0,0.1,1,37,2
0.0,0.1,0,20,2
0.0,0.3,0,37,2
0.0,0.2,0,4,2
0.0,0.2,1,4,2
0.0,0.2,0,4,2
0.0,0.1,0,4,2
0.0,0.1,0,4,2
0.0,0.1,0,4,2
0.0,0.9,0,4,2
0.0,0.3,0,4,2
0.0,0.2,0,20,2
0.0,0.8,0,4,2
0.0,0.7,0,4,2
0.0,0.8,0,4,2
0.0,0.7,0,4,2
0.0,0.0,0,37,2
0.0,0.2,0,4,2
0.0,0.1,0,4,2
0.0,0.1,0,4,2
0.0,0.2,0,4,2
0.0,0.2,0,4,2
0.0,0.2,0,4,2
0.0,0.4,0,4,2
0.0,0.4,0,4,2
0.1,0.3,0,46,2
0.0,0.7,0,37,2
0.0,0.3,0,37,2
0.0,0.2,0,46,2
0.0,0.1,0,4,2
0.0,0.1,0,4,2
0.0,0.3,0,4,2
0.0,0.2,0,4,2
0.0,0.1,0,20,2
0.0,0.2,0,4,2
0.0,0.4,0,4,2
0.0,0.7,0,4,2
0.0,0.2,0,4,2
0.0,0.3,0,31,2
0.0,0.4,0,31,2
0.0,0.3,0,4,2
0.0,0.3,0,4,2
0.0,0.3,0,4,2
0.0,0.3,0,4,2
0.0,0.3,0,4,2
0.0,0.3,0,4,2
0.0,0.3,0,4,2
0.0,0.1,0,4,2
0.0,0.3,0,4,2
0.0,0.4,0,4,2
0.0,0.2,0,4,2
0.0,0.1,1,37,2
249.0,8.6,0,47,1
0.0,0.1,0,31,2
0.1,0.7,0,31,2
0.0,0.2,0,4,2
31.3,0.7,0,31,2
0.0,0.5,0,4,2
0.0,0.0,1,20,5
0.6,0.2,1,37,2
0.0,0.0,1,4,2
0.0,0.2,1,37,2
0.0,0.1,1,20,2
0.0,0.3,1,37,2
0.0,0.1,1,50,2
0.0,0.2,1,4,2
0.0,0.1,0,4,2
0.0,0.2,1,4,2
0.0,0.2,1,37,2
0.0,0.1,1,37,2
0.1,0.2,1,37,2
0.0,0.1,1,37,2
0.0,0.2,1,37,2
0.0,1.0,1,50,2
0.0,0.3,1,20,2
0.0,0.1,0,4,2
0.0,0.1,1,4,2
0.0,0.1,1,37,2
0.0,0.3,1,4,2
0.0,0.4,1,4,2
0.0,0.2,1,37,2
0.0,0.3,1,37,2
0.0,0.1,1,4,2
0.0,0.1,1,4,2
0.0,0.1,0,37,2
0.0,0.1,1,37,2
0.0,0.1,0,37,2
0.0,0.2,0,4,2
0.0,0.1,1,20,2
0.0,0.1,0,20,2
0.0,0.1,1,4,2
0.0,0.6,0,63,2
0.0,0.1,1,37,2
0.0,0.1,1,4,2
0.0,0.1,1,37,2
1.0,0.1,1,47,2
0.5,0.1,0,63,2
0.0,0.2,1,37,2
0.0,0.2,1,61,2
0.0,0.2,1,37,2
0.1,0.0,1,37,2
0.0,0.1,0,37,2
0.0,0.0,1,4,2
0.0,0.1,1,4,2
0.0,0.1,1,37,2
0.0,0.1,1,37,2
0.0,0.1,1,4,2
0.0,0.2,1,37,2
0.0,0.2,0,63,2
0.0,0.1,0,4,2
32.8,0.3,1,37,1
0.0,0.1,1,4,2
0.0,0.1,0,4,2
0.0,0.1,0,37,2
0.0,0.1,1,37,2
0.0,0.3,1,4,2
8.6,0.8,0,79,2
0.0,0.1,1,4,2
0.0,0.1,0,4,2
0.0,0.2,0,4,2
0.0,0.1,1,20,2
0.0,0.1,1,4,2
0.0,0.1,1,37,2
0.0,0.1,1,4,2
0.0,0.1,1,4,2
0.0,0.5,1,20,2
0.0,5.3,1,20,2
31.3,0.5,1,20,1
0.0,0.1,1,37,2
0.0,0.1,1,4,2
0.0,0.2,1,4,2
0.0,0.1,1,20,2
0.0,0.1,0,4,2
0.0,0.2,1,4,2
0.0,0.2,1,4,2
0.0,0.2,0,4,2
0.0,0.1,0,4,2
0.0,0.1,0,50,2
0.0,0.2,0,4,2
0.0,0.1,1,37,2
0.0,0.1,1,4,2
0.0,0.1,1,4,2
0.0,0.0,0,4,2
0.0,0.1,0,4,2
0.0,0.1,0,4,2
0.0,0.1,1,97,2
0.1,1.5,1,37,2
0.0,0.1,1,63,2
0.0,0.1,1,4,2
0.0,0.0,1,37,2
0.0,0.1,1,4,2
0.0,0.1,0,4,2
0.0,0.1,1,4,2
0.0,0.1,1,4,2
0.0,0.1,1,20,2
0.0,0.1,1,4,2
0.0,0.1,1,4,2
0.0,0.1,1,4,2
0.0,0.1,1,63,2
0.0,0.1,1,4,2
0.0,0.1,1,61,2
0.0,0.0,1,4,2
0.0,0.1,0,37,2
0.0,0.1,1,4,2
0.0,0.1,1,4,2
0.0,0.1,1,4,2
0.0,0.3,1,37,2
0.0,0.1,0,4,2
0.0,0.0,0,37,2
0.0,0.1,1,20,2
0.0,0.1,1,37,2
0.0,0.1,1,20,2
0.0,0.0,0,4,2
0.0,0.4,0,37,2
0.0,0.1,0,37,2
0.2,0.2,0,61,2
0.0,0.4,0,37,2
0.0,0.1,0,4,2
0.0,0.5,0,4,2
0.0,3.5,0,61,2
0.0,0.1,0,4,2
0.0,0.4,0,47,2
0.0,0.2,0,37,2
0.0,0.5,0,47,2
0.0,0.9,0,4,2
0.0,0.1,0,37,2
0.0,0.3,0,37,2
0.0,0.5,0,47,2
0.0,0.2,0,4,2
0.0,0.3,0,20,2
0.0,0.5,0,4,2
0.0,0.2,0,4,2
0.0,0.5,0,20,2
0.0,0.2,0,4,2
0.0,0.2,0,4,2
0.0,0.3,0,4,2
0.0,0.4,0,4,2
0.0,0.2,0,37,2
0.0,0.6,0,4,2
0.0,0.2,0,4,2
0.0,0.2,0,4,2
0.0,0.2,0,4,2
0.0,0.1,0,4,2
0.0,0.4,0,37,2
0.0,0.2,0,4,2
0.0,0.3,0,46,2
0.0,0.1,1,37,2
0.0,0.2,0,37,2
0.0,0.3,0,37,2
0.0,0.1,0,4,2
0.0,0.6,0,46,2
0.0,0.2,0,4,2
0.0,0.8,0,37,2
0.0,0.2,0,4,2
0.0,0.2,1,37,2
0.0,1.4,0,4,2
0.0,1.4,0,4,2
0.0,0.3,0,37,2
0.0,0.5,0,4,1
0.0,0.1,0,37,2
0.0,0.1,1,4,2
0.0,0.2,0,4,2
0.0,0.4,0,4,2
0.0,0.2,0,4,2
0.0,0.2,0,4,2
0.0,0.1,0,4,2
0.0,0.1,0,4,2
0.0,0.3,0,4,2
0.0,0.4,0,4,2
0.0,0.3,0,4,2
0.0,0.1,0,37,2
0.2,0.4,0,20,2
0.0,2.0,1,37,2
0.0,0.1,0,4,2
0.0,0.1,0,4,2
0.0,0.1,1,4,2
0.0,0.1,1,4,2
0.0,0.2,0,4,2
0.0,0.4,0,4,2
0.0,0.1,0,4,2
0.0,0.1,0,37,2
0.0,0.2,0,4,2
0.0,0.2,0,4,2
0.0,0.2,0,4,2
0.0,0.2,0,4,2
0.0,0.3,0,20,2
0.0,0.3,0,4,2
0.0,0.1,0,4,2
0.0,0.2,0,4,2
0.0,0.2,0,4,2
0.0,0.1,0,4,2
0.0,0.5,0,4,2
0.0,0.1,0,4,2
0.0,0.2,0,4,2
0.0,0.1,0,46,2
0.0,0.1,0,4,2
0.0,0.2,0,4,2
0.0,0.1,0,4,2
0.0,0.1,0,4,2
0.0,0.1,0,37,2
0.0,0.2,0,37,2
0.0,0.2,0,37,2
0.0,0.1,0,4,2
0.0,0.2,0,4,2
0.0,0.1,0,4,2
0.0,0.2,0,4,2
0.0,0.3,0,37,2
0.0,0.2,0,37,2
0.0,0.2,0,46,2
0.0,0.2,0,4,2
0.0,0.2,0,4,2
0.0,0.2,0,4,2
0.0,0.1,0,4,2
0.0,0.1,0,4,2
0.0,0.1,0,31,2
0.0,0.1,0,46,2
0.0,0.1,1,31,2
0.0,0.1,0,4,2
0.0,0.2,0,46,2
0.0,0.2,0,20,2
0.0,0.4,0,46,2
0.0,0.2,0,37,2
0.0,0.1,0,4,2
0.0,0.1,0,31,2
0.0,1.5,0,49,2
0.0,0.8,0,31,2
0.0,0.1,0,4,2
0.0,0.1,0,4,2
0.0,0.7,0,31,2
0.0,0.1,0,4,2
0.0,1.4,0,31,2
0.0,0.7,0,31,2
0.4,0.7,0,31,2
0.0,1.0,0,31,2
0.0,0.8,0,31,2
0.0,0.1,0,20,2
0.0,0.1,0,20,2
0.0,0.2,0,4,2
0.0,0.1,1,4,2
0.0,0.2,0,4,2
0.0,0.1,0,4,2
0.0,0.1,0,4,2
0.0,0.1,0,4,2
0.0,0.1,0,4,2
0.0,0.6,0,4,2
0.0,0.1,1,37,2
0.0,0.1,0,20,2
0.0,0.3,0,37,2
0.0,0.2,0,4,2
0.0,0.2,1,4,2
0.0,0.2,0,4,2
0.0,0.1,0,4,2
0.0,0.1,0,4,2
0.0,0.1,0,4,2
0.0,0.9,0,4,2
0.0,0.3,0,4,2
0.0,0.2,0,20,2
0.0,0.8,0,4,2
0.0,0.7,0,4,2
0.0,0.8,0,4,2
0.0,0.7,0,4,2
0.0,0.0,0,37,2
0.0,0.2,0,4,2
0.0,0.1,0,4,2
0.0,0.1,0,4,2
0.0,0.2,0,4,2
0.0,0.2,0,4,2
0.0,0.2,0,4,2
0.0,0.4,0,4,2
0.0,0.4,0,4,2
0.0,0.3,0,4,2
0.0,0.7,0,37,2
0.0,0.3,0,37,2
0.0,0.2,0,46,2
0.0,0.1,0,4,2
0.0,0.1,0,4,2
0.0,0.3,0,4,2
0.0,0.2,0,4,2
0.0,0.1,0,20,2
0.0,0.2,0,4,2
0.0,0.4,0,4,2
0.0,0.7,0,4,2
0.0,0.2,0,4,2
0.0,0.3,0,31,2
0.0,0.4,0,31,2
0.0,0.3,0,4,2
0.0,0.3,0,4,2
0.0,0.3,0,4,2
0.0,0.3,0,4,2
0.0,0.3,0,4,2
0.0,0.3,0,4,2
0.0,0.3,0,4,2
0.0,0.1,0,4,2
0.0,0.3,0,4,2
0.0,0.4,0,4,2
0.0,0.2,0,4,2
0.0,0.1,1,37,2
249.0,8.9,0,47,1
0.0,0.1,0,31,2
0.2,0.7,0,31,2
0.0,0.2,0,4,2
26.5,0.7,0,31,2
0.0,0.5,0,4,2
0.0,0.0,1,20,5
0.4,0.2,1,37,2
0.0,0.0,1,4,2
0.0,0.2,1,37,2
0.0,0.1,1,20,2
0.0,0.3,1,37,2
0.0,0.1,1,50,2
0.0,0.2,1,4,2
0.0,0.1,0,4,2
0.0,0.2,1,4,2
0.0,0.2,1,37,2
0.0,0.1,1,37,2
0.0,0.2,1,37,2
0.0,0.1,1,37,2
0.0,0.2,1,37,2
0.0,1.0,1,50,2
0.0,0.3,1,20,2
0.0,0.1,0,4,2
0.0,0.1,1,4,2
0.0,0.1,1,37,2
0.0,0.3,1,4,2
0.0,0.4,1,4,2
0.0,0.2,1,37,2
0.0,0.3,1,37,2
0.0,0.1,1,4,2
0.0,0.1,1,4,2
0.0,0.1,0,37,2
0.0,0.1,1,37,2
0.0,0.1,0,37,2
0.0,0.2,0,4,2
0.0,0.1,1,20,2
0.0,0.1,0,20,2
0.0,0.1,1,4,2
0.0,0.6,0,63,2
0.0,0.1,1,37,2
0.0,0.1,1,4,2
0.0,0.1,1,37,2
0.8,0.1,1,47,2
0.9,0.1,0,63,2
0.0,0.2,1,37,2
0.0,0.2,1,61,2
0.0,0.2,1,37,2
0.1,0.0,1,37,2
0.0,0.1,0,37,2
0.0,0.0,1,4,2
0.0,0.1,1,4,2
0.0,0.1,1,37,2
0.0,0.1,1,37,2
0.0,0.1,1,4,2
0.0,0.2,1,37,2
0.0,0.2,0,63,2
0.0,0.1,0,4,2
40.7,0.3,1,37,2
0.0,0.1,1,4,2
0.0,0.1,0,4,2
0.0,0.1,0,37,2
0.0,0.1,1,37,2
0.0,0.3,1,4,2
5.0,0.8,0,79,2
0.0,0.1,1,4,2
0.0,0.1,0,4,2
0.0,0.2,0,4,2
0.0,0.1,1,20,2
0.0,0.1,1,4,2
0.0,0.1,1,37,2
0.0,0.1,1,4,2
0.0,0.1,1,4,2
0.0,0.5,1,20,2
0.2,5.3,1,20,2
49.2,0.5,1,20,2
0.0,0.1,1,37,2
0.0,0.1,1,4,2
0.0,0.2,1,4,2
0.0,0.1,1,20,2
0.0,0.1,0,4,2
0.0,0.2,1,4,2
0.0,0.2,1,4,2
0.0,0.2,0,4,2
0.0,0.1,0,4,2
0.0,0.1,0,50,2
0.0,0.2,0,4,2
0.0,0.1,1,37,2
0.0,0.1,1,4,2
0.0,0.1,1,4,2
0.0,0.0,0,4,2
0.0,0.1,0,4,2
0.0,0.1,0,4,2
0.0,0.1,1,97,2
0.0,1.5,1,37,2
0.0,0.1,1,63,2
0.0,0.1,1,4,2
0.0,0.0,1,37,2
0.0,0.1,1,4,2
0.0,0.1,0,4,2
0.0,0.1,1,4,2
0.0,0.1,1,4,2
0.0,0.1,1,20,2
0.0,0.1,1,4,2
0.0,0.1,1,4,2
0.0,0.1,1,4,2
0.0,0.1,1,63,2
0.0,0.1,1,4,2
0.0,0.1,1,61,2
0.0,0.0,1,4,2
0.0,0.1,0,37,2
0.0,0.1,1,4,2
0.0,0.1,1,4,2
0.0,0.1,1,4,2
0.0,0.3,1,37,2
0.0,0.1,0,4,2
0.0,0.0,0,37,2
0.0,0.1,1,20,2
0.0,0.1,1,37,2
0.0,0.1,1,20,2
0.0,0.0,0,4,2
0.0,0.4,0,37,2
0.0,0.1,0,37,2
0.0,0.2,0,61,2
0.0,0.4,0,37,2
0.0,0.1,0,4,2
0.0,0.5,0,4,2
0.0,3.5,0,61,2
0.0,0.1,0,4,2
0.0,0.4,0,47,2
0.0,0.2,0,37,2
0.0,0.5,0,47,2
0.0,0.9,0,4,2
0.0,0.1,0,37,2
0.0,0.3,0,37,2
0.0,0.5,0,47,2
0.0,0.2,0,4,2
0.0,0.3,0,20,2
0.0,0.5,0,4,2
0.0,0.2,0,4,2
0.0,0.5,0,20,2
0.0,0.2,0,4,2
0.0,0.2,0,4,2
0.0,0.3,0,4,2
0.0,0.4,0,4,2
0.0,0.2,0,37,2
0.0,0.6,0,4,2
0.0,0.2,0,4,2
0.0,0.2,0,4,2
0.0,0.2,0,4,2
0.0,0.1,0,4,2
0.0,0.4,0,37,2
0.0,0.2,0,4,2
0.0,0.3,0,46,2
0.0,0.1,1,37,2
0.0,0.2,0,37,2
0.0,0.3,0,37,2
0.0,0.1,0,4,2
0.0,0.6,0,46,2
0.0,0.2,0,4,2
0.0,0.8,0,37,2
0.0,0.2,0,4,2
0.0,0.2,1,37,2
0.0,1.4,0,4,2
0.0,1.4,0,4,2
0.0,0.3,0,37,2
0.0,0.5,0,4,2
0.0,0.1,0,37,2
0.0,0.1,1,4,2
0.0,0.2,0,4,2
0.0,0.4,0,4,2
0.0,0.2,0,4,2
0.0,0.2,0,4,2
0.0,0.1,0,4,2
0.0,0.1,0,4,2
0.0,0.3,0,4,2
0.0,0.4,0,4,2
0.0,0.3,0,4,2
0.0,0.1,0,37,2
0.3,0.4,0,20,2
0.0,2.0,1,37,2
0.0,0.1,0,4,2
0.0,0.1,0,4,2
0.0,0.1,1,4,2
0.0,0.1,1,4,2
0.0,0.2,0,4,2
0.0,0.4,0,4,2
0.0,0.1,0,4,2
0.0,0.1,0,37,2
0.0,0.2,0,4,2
0.0,0.2,0,4,2
0.0,0.2,0,4,2
0.0,0.2,0,4,2
0.0,0.3,0,20,2
0.0,0.3,0,4,2
0.0,0.1,0,4,2
0.0,0.2,0,4,2
0.0,0.2,0,4,2
0.0,0.1,0,4,2
0.0,0.5,0,4,2
0.0,0.1,0,4,2
0.0,0.2,0,4,2
0.0,0.1,0,46,2
0.0,0.1,0,4,2
0.0,0.2,0,4,2
0.0,0.1,0,4,2
0.0,0.1,0,4,2
0.0,0.1,0,37,2
0.0,0.2,0,37,2
0.0,0.2,0,37,2
0.0,0.1,0,4,2
0.0,0.2,0,4,2
0.0,0.1,0,4,2
0.0,0.2,0,4,2
0.0,0.3,0,37,2
0.0,0.2,0,37,2
0.0,0.2,0,46,2
0.0,0.2,0,4,2
0.0,0.2,0,4,2
0.0,0.2,0,4,2
0.0,0.1,0,4,2
0.0,0.1,0,4,2
0.0,0.1,0,31,2
0.0,0.1,0,46,2
0.0,0.1,1,31,2
0.0,0.1,0,4,2
0.0,0.2,0,46,2
0.0,0.2,0,20,2
0.0,0.4,0,46,2
0.0,0.2,0,37,2
0.0,0.1,0,4,2
0.0,0.1,0,31,2
0.0,1.5,0,49,2
0.0,0.8,0,31,2
0.0,0.1,0,4,2
0.0,0.1,0,4,2
0.0,0.7,0,31,2
0.0,0.1,0,4,2
0.0,1.4,0,31,2
0.0,0.7,0,31,2
0.4,0.7,0,31,2
0.0,1.0,0,31,2
0.0,0.8,0,31,2
0.0,0.1,0,20,2
0.0,0.1,0,20,2
0.0,0.2,0,4,2
0.0,0.1,1,4,2
0.0,0.2,0,4,2
0.0,0.1,0,4,2
0.0,0.1,0,4,2
0.0,0.1,0,4,2
0.0,0.1,0,4,2
0.0,0.6,0,4,2
0.0,0.1,1,37,2
0.0,0.1,0,20,2
0.0,0.3,0,37,2
0.0,0.2,0,4,2
0.0,0.2,1,4,2
0.0,0.2,0,4,2
0.0,0.1,0,4,2
0.0,0.1,0,4,2
0.0,0.1,0,4,2
0.0,0.9,0,4,2
0.0,0.3,0,4,2
0.0,0.2,0,20,2
0.0,0.8,0,4,2
0.0,0.7,0,4,2
0.0,0.8,0,4,2
0.0,0.7,0,4,2
0.0,0.0,0,37,2
0.0,0.2,0,4,2
0.0,0.1,0,4,2
0.0,0.1,0,4,2
0.0,0.2,0,4,2
0.0,0.2,0,4,2
0.0,0.2,0,4,2
0.0,0.4,0,4,2
0.0,0.4,0,4,2
0.0,0.3,0,4,2
0.0,0.7,0,37,2
0.0,0.3,0,37,2
0.0,0.2,0,46,2
0.0,0.1,0,4,2
0.0,0.1,0,4,2
0.0,0.3,0,4,2
0.0,0.2,0,4,2
0.0,0.1,0,20,2
0.0,0.2,0,4,2
0.0,0.4,0,4,2
0.0,0.7,0,4,2
0.0,0.2,0,4,2
0.0,0.3,0,31,2
0.0,0.4,0,31,2
0.0,0.3,0,4,2
0.0,0.3,0,4,2
0.0,0.3,0,4,2
0.0,0.3,0,4,2
0.0,0.3,0,4,2
0.0,0.3,0,4,2
0.0,0.3,0,4,2
0.0,0.1,0,4,2
0.0,0.3,0,4,2
0.0,0.4,0,4,2
0.0,0.2,0,4,2
0.0,0.1,1,37,2
213.7,9.0,0,47,1
0.0,0.1,0,31,2
0.1,0.7,0,31,2
0.0,0.2,0,4,2
39.6,0.7,0,31,2
0.0,0.5,0,4,2
0.0,0.0,1,20,5
0.0,0.0,1,20,5
0.6,0.2,1,37,2
0.0,0.0,1,4,2
0.0,0.2,1,37,2
0.0,0.1,1,20,2
0.0,0.3,1,37,2
0.0,0.1,1,50,2
0.0,0.2,1,4,2
0.0,0.1,0,4,2
0.0,0.2,1,4,2
0.0,0.2,1,37,2
0.0,0.1,1,37,2
0.2,0.2,1,37,2
0.0,0.1,1,37,2
0.0,0.2,1,37,2
0.0,0.9,1,50,2
0.0,0.3,1,20,2
0.0,0.1,0,4,2
0.0,0.1,1,4,2
0.0,0.1,1,37,2
0.0,0.3,1,4,2
0.0,0.4,1,4,2
0.0,0.2,1,37,2
0.0,0.3,1,37,2
0.0,0.1,1,4,2
0.0,0.1,1,4,2
0.0,0.1,0,37,2
0.0,0.1,1,37,2
0.0,0.1,0,37,2
0.0,0.2,0,4,2
0.0,0.1,1,20,2
0.0,0.1,0,20,2
0.0,0.1,1,4,2
0.0,0.6,0,63,2
0.0,0.1,1,37,2
0.0,0.1,1,4,2
0.0,0.1,1,37,2
0.0,0.1,1,47,2
0.0,0.1,0,63,2
0.0,0.2,1,37,2
0.0,0.2,1,61,2
0.0,0.2,1,37,2
0.1,0.0,1,37,2
0.0,0.1,0,37,2
0.0,0.0,1,4,2
0.0,0.1,1,4,2
0.0,0.1,1,37,2
0.0,0.1,1,37,2
0.0,0.1,1,4,2
0.0,0.2,1,37,2
0.0,0.2,0,63,2
0.0,0.1,0,4,2
43.6,0.3,1,37,2
0.0,0.1,1,4,2
0.0,0.1,0,4,2
0.0,0.1,0,37,2
0.0,0.1,1,37,2
0.0,0.3,1,4,2
4.0,0.8,0,79,2
0.0,0.1,1,4,2
0.0,0.1,0,4,2
0.0,0.2,0,4,1
0.0,0.1,1,20,2
0.0,0.1,1,4,2
0.0,0.1,1,37,2
0.0,0.1,1,4,2
0.0,0.1,1,4,2
0.0,0.5,1,20,2
0.0,5.3,1,20,2
34.6,0.5,1,20,2
0.0,0.1,1,37,2
0.0,0.1,1,4,2
0.0,0.2,1,4,2
0.0,0.1,1,20,2
0.0,0.1,0,4,2
0.0,0.2,1,4,2
0.0,0.2,1,4,2
0.0,0.2,0,4,2
0.0,0.1,0,4,2
0.0,0.1,0,50,2
0.0,0.2,0,4,2
0.0,0.1,1,37,2
0.0,0.1,1,4,2
0.0,0.1,1,4,2
0.0,0.0,0,4,2
0.0,0.1,0,4,2
0.0,0.1,0,4,2
0.0,0.1,1,97,2
0.0,1.5,1,37,2
0.0,0.1,1,63,2
0.0,0.1,1,4,2
0.0,0.0,1,37,2
0.0,0.1,1,4,2
0.0,0.1,0,4,2
0.0,0.1,1,4,2
0.0,0.1,1,4,2
0.0,0.1,1,20,2
0.0,0.1,1,4,2
0.0,0.1,1,4,2
0.0,0.1,1,4,2
0.0,0.1,1,63,2
0.0,0.1,1,4,2
0.0,0.1,1,61,2
0.0,0.0,1,4,2
0.0,0.1,0,37,2
0.0,0.1,1,4,2
0.0,0.1,1,4,2
0.0,0.1,1,4,2
0.0,0.3,1,37,2
0.0,0.1,0,4,2
0.0,0.0,0,37,2
0.0,0.1,1,20,2
0.0,0.1,1,37,2
0.0,0.1,1,20,2
0.0,0.0,0,4,2
0.0,0.4,0,37,2
0.0,0.1,0,37,2
0.0,0.2,0,61,2
0.0,0.4,0,37,2
0.0,0.1,0,4,2
0.0,0.5,0,4,2
0.0,3.5,0,61,2
0.0,0.1,0,4,2
0.0,0.4,0,47,2
0.0,0.2,0,37,2
0.0,0.5,0,47,2
0.0,0.9,0,4,2
0.0,0.1,0,37,2
0.0,0.3,0,37,2
0.0,0.5,0,47,2
0.0,0.2,0,4,2
0.0,0.3,0,20,2
0.0,0.5,0,4,2
0.0,0.2,0,4,2
0.0,0.5,0,20,2
0.0,0.2,0,4,2
0.0,0.2,0,4,2
0.0,0.3,0,4,2
0.0,0.4,0,4,2
0.0,0.2,0,37,2
0.0,0.6,0,4,2
0.0,0.2,0,4,2
0.0,0.2,0,4,2
0.0,0.2,0,4,2
0.0,0.1,0,4,2
0.0,0.4,0,37,2
0.0,0.2,0,4,2
0.0,0.3,0,46,2
0.0,0.1,1,37,2
0.0,0.2,0,37,2
0.0,0.3,0,37,2
0.0,0.1,0,4,2
0.0,0.6,0,46,2
0.0,0.2,0,4,2
0.0,0.8,0,37,2
0.0,0.2,0,4,2
0.0,0.2,1,37,2
0.0,1.4,0,4,2
0.0,1.4,0,4,2
0.0,0.3,0,37,2
0.0,0.5,0,4,2
0.0,0.1,0,37,2
0.0,0.1,1,4,2
0.0,0.2,0,4,2
0.0,0.4,0,4,2
0.0,0.2,0,4,2
0.0,0.2,0,4,2
0.0,0.1,0,4,2
0.0,0.1,0,4,2
0.0,0.3,0,4,2
0.0,0.4,0,4,2
0.0,0.3,0,4,2
0.0,0.1,0,37,2
0.0,0.4,0,20,2
0.0,2.0,1,37,2
0.0,0.1,0,4,2
0.0,0.1,0,4,2
0.0,0.1,1,4,2
0.0,0.1,1,4,2
0.0,0.2,0,4,2
0.0,0.4,0,4,2
0.0,0.1,0,4,2
0.0,0.1,0,37,2
0.0,0.2,0,4,2
0.0,0.2,0,4,2
0.0,0.2,0,4,2
0.0,0.2,0,4,2
0.0,0.3,0,20,2
0.0,0.3,0,4,2
0.0,0.1,0,4,2
0.0,0.2,0,4,2
0.0,0.2,0,4,2
0.0,0.1,0,4,2
0.0,0.5,0,4,2
0.0,0.1,0,4,2
0.0,0.2,0,4,2
0.0,0.1,0,46,2
0.0,0.1,0,4,2
0.0,0.2,0,4,2
0.0,0.1,0,4,2
0.0,0.1,0,4,2
0.0,0.1,0,37,2
0.0,0.2,0,37,2
0.0,0.2,0,37,2
0.0,0.1,0,4,2
0.0,0.2,0,4,2
0.0,0.1,0,4,2
0.0,0.2,0,4,2
0.0,0.3,0,37,2
0.0,0.2,0,37,2
0.0,0.2,0,46,2
0.0,0.2,0,4,2
0.0,0.2,0,4,2
0.0,0.2,0,4,2
0.0,0.1,0,4,2
0.0,0.1,0,4,2
0.0,0.1,0,31,2
0.0,0.1,0,46,2
0.0,0.1,1,31,2
0.0,0.1,0,4,2
0.0,0.2,0,46,2
0.0,0.2,0,20,2
0.0,0.4,0,46,2
0.0,0.2,0,37,2
0.0,0.1,0,4,2
0.0,0.1,0,31,2
0.0,1.5,0,49,2
0.0,0.8,0,31,2
0.0,0.1,0,4,2
0.0,0.1,0,4,2
0.0,0.7,0,31,2
0.0,0.1,0,4,2
0.0,1.4,0,31,2
0.0,0.7,0,31,2
0.1,0.7,0,31,2
0.0,1.0,0,31,2
0.0,0.8,0,31,2
0.0,0.1,0,20,2
0.0,0.1,0,20,2
0.0,0.2,0,4,2
0.0,0.1,1,4,2
0.0,0.2,0,4,2
0.0,0.1,0,4,2
0.0,0.1,0,4,2
0.0,0.1,0,4,2
0.0,0.1,0,4,2
0.0,0.6,0,4,2
0.0,0.1,1,37,2
0.0,0.1,0,20,2
0.0,0.3,0,37,2
0.0,0.2,0,4,2
0.0,0.2,1,4,2
0.0,0.2,0,4,2
0.0,0.1,0,4,2
0.0,0.1,0,4,2
0.0,0.1,0,4,2
0.0,0.9,0,4,2
0.0,0.3,0,4,2
0.0,0.2,0,20,2
0.0,0.8,0,4,2
0.0,0.7,0,4,2
0.0,0.8,0,4,2
0.0,0.7,0,4,2
0.0,0.0,0,37,2
0.0,0.2,0,4,2
0.0,0.1,0,4,2
0.0,0.1,0,4,2
0.0,0.2,0,4,2
0.0,0.2,0,4,2
0.0,0.2,0,4,2
0.0,0.4,0,4,2
0.0,0.4,0,4,2
0.0,0.3,0,46,2
0.0,0.7,0,37,2
0.0,0.3,0,37,2
0.0,0.2,0,46,2
0.0,0.1,0,4,2
0.0,0.1,0,4,2
0.0,0.3,0,4,2
0.0,0.2,0,4,2
0.0,0.1,0,20,2
0.0,0.2,0,4,2
0.0,0.4,0,4,2
0.0,0.7,0,4,2
0.0,0.2,0,4,2
0.0,0.3,0,31,2
0.0,0.4,0,31,2
0.0,0.3,0,4,2
0.0,0.3,0,4,2
0.0,0.3,0,4,2
0.0,0.3,0,4,2
0.0,0.3,0,4,2
0.0,0.3,0,4,2
0.0,0.3,0,4,2
0.0,0.1,0,4,2
0.0,0.3,0,4,2
0.0,0.4,0,4,2
0.0,0.2,0,4,2
0.0,0.1,1,37,2
220.2,9.1,0,47,1
0.0,0.1,0,31,2
0.2,0.7,0,31,2
0.0,0.2,0,4,2
24.9,0.7,0,31,1
0.0,0.5,0,4,2
0.0,0.0,1,20,5
0.4,0.2,1,37,2
0.0,0.0,1,4,2
0.0,0.2,1,37,2
0.0,0.1,1,20,2
0.0,0.3,1,37,2
0.0,0.1,1,50,2
0.0,0.2,1,4,2
0.0,0.1,0,4,2
0.0,0.2,1,4,2
0.0,0.2,1,37,2
0.0,0.1,1,37,2
0.0,0.2,1,37,2
0.0,0.1,1,37,2
0.0,0.2,1,37,2
0.0,0.9,1,50,2
0.0,0.3,1,20,2
0.0,0.1,0,4,2
0.0,0.1,1,4,2
0.0,0.1,1,37,2
0.0,0.3,1,4,2
0.0,0.4,1,4,2
0.0,0.2,1,37,2
0.0,0.3,1,37,2
0.0,0.1,1,4,2
0.0,0.1,1,4,2
0.0,0.1,0,37,2
0.0,0.1,1,37,2
0.0,0.1,0,37,2
0.0,0.2,0,4,2
0.0,0.1,1,20,2
0.0,0.1,0,20,2
0.0,0.1,1,4,2
0.0,0.6,0,63,2
0.0,0.1,1,37,2
0.0,0.1,1,4,2
0.0,0.1,1,37,2
0.2,0.1,1,47,2
3.2,0.1,0,63,2
0.0,0.2,1,37,2
0.0,0.2,1,61,2
0.0,0.2,1,37,2
0.1,0.0,1,37,2
0.0,0.1,0,37,2
0.0,0.0,1,4,2
0.0,0.1,1,4,2
0.0,0.1,1,37,2
0.0,0.1,1,37,2
0.0,0.1,1,4,2
0.0,0.2,1,37,2
0.0,0.2,0,63,2
0.0,0.1,0,4,2
32.7,0.3,1,37,2
0.0,0.1,1,4,2
0.0,0.1,0,4,2
0.0,0.1,0,37,2
0.0,0.1,1,37,2
0.0,0.3,1,4,2
9.1,0.9,0,79,2
0.0,0.1,1,4,2
0.0,0.1,0,4,2
0.0,0.2,0,37,2
0.0,0.1,1,20,2
0.0,0.1,1,4,2
0.0,0.1,1,37,2
0.0,0.1,1,4,2
0.0,0.1,1,4,2
0.0,0.5,1,20,2
0.1,5.3,1,20,2
36.7,0.5,1,20,2
0.0,0.1,1,37,2
0.0,0.1,1,4,2
0.0,0.2,1,4,2
0.0,0.1,1,20,2
0.0,0.1,0,4,2
0.0,0.2,1,4,2
0.0,0.2,1,4,2
0.0,0.2,0,4,2
0.0,0.1,0,4,2
0.0,0.1,0,50,2
0.0,0.2,0,4,2
0.0,0.1,1,37,2
0.0,0.1,1,4,2
0.0,0.1,1,4,2
0.0,0.0,0,4,2
0.0,0.1,0,4,2
0.0,0.1,0,4,2
0.0,0.1,1,97,2
1.3,1.5,1,37,2
0.0,0.1,1,63,2
0.0,0.1,1,4,2
0.0,0.0,1,37,2
0.0,0.1,1,4,2
0.0,0.1,0,4,2
0.0,0.1,1,4,2
0.0,0.1,1,4,2
0.0,0.1,1,20,2
0.0,0.1,1,4,2
0.0,0.1,1,4,2
0.0,0.1,1,4,2
0.0,0.1,1,63,2
0.0,0.1,1,4,2
0.0,0.1,1,61,2
0.0,0.0,1,4,2
0.0,0.1,0,37,2
0.0,0.1,1,4,2
0.0,0.1,1,4,2
0.0,0.1,1,4,2
0.0,0.3,1,37,2
0.0,0.1,0,4,2
0.0,0.0,0,37,2
0.0,0.1,1,20,2
0.0,0.1,1,37,2
0.0,0.1,1,20,2
0.0,0.0,0,4,2
0.0,0.4,0,37,2
0.0,0.1,0,37,2
0.0,0.2,0,61,2
0.0,0.4,0,37,2
0.0,0.1,0,4,2
0.0,0.5,0,4,2
0.0,3.5,0,61,2
0.0,0.1,0,4,2
0.0,0.4,0,47,2
0.0,0.2,0,37,2
0.0,0.5,0,47,2
4.5,0.9,0,47,1
0.0,0.1,0,37,2
0.0,0.3,0,37,2
0.0,0.5,0,47,2
0.0,0.2,0,4,2
0.0,0.3,0,20,2
0.0,0.5,0,4,2
0.0,0.2,0,4,2
0.0,0.5,0,20,2
0.0,0.2,0,4,2
0.0,0.2,0,4,2
0.0,0.3,0,4,2
0.0,0.4,0,4,2
0.0,0.2,0,37,2
0.0,0.6,0,4,2
0.0,0.2,0,4,2
0.0,0.2,0,4,2
0.0,0.2,0,4,2
0.0,0.1,0,4,2
0.0,0.4,0,37,2
0.0,0.2,0,4,2
0.0,0.3,0,46,2
0.0,0.1,1,37,2
0.0,0.2,0,37,2
0.0,0.3,0,37,2
0.0,0.1,0,4,2
0.0,0.6,0,46,2
0.0,0.2,0,4,2
0.0,0.8,0,37,2
0.0,0.2,0,4,2
0.0,0.2,1,37,2
0.0,1.4,0,4,2
0.0,1.4,0,4,2
0.0,0.3,0,37,2
0.0,0.5,0,46,2
0.0,0.1,0,37,2
0.2,0.1,1,4,2
0.0,0.2,0,4,2
0.0,0.4,0,4,2
0.0,0.2,0,4,2
0.0,0.2,0,4,2
0.0,0.1,0,4,2
0.0,0.1,0,4,2
0.0,0.3,0,4,2
0.0,0.4,0,4,2
0.0,0.3,0,4,2
0.0,0.1,0,37,2
0.0,0.4,0,20,2
0.0,2.0,1,37,2
0.0,0.1,0,4,2
0.0,0.1,0,4,2
0.0,0.1,1,4,2
0.0,0.1,1,4,2
0.0,0.2,0,4,2
0.0,0.4,0,4,2
0.0,0.1,0,4,2
0.0,0.1,0,37,2
0.0,0.2,0,4,2
0.0,0.2,0,4,2
0.0,0.2,0,4,2
0.0,0.2,0,4,2
0.0,0.3,0,20,2
0.0,0.3,0,4,2
0.0,0.1,0,4,2
0.0,0.2,0,4,2
0.0,0.2,0,4,2
0.0,0.1,0,4,2
0.0,0.5,0,4,2
0.0,0.1,0,4,2
0.0,0.2,0,4,2
0.0,0.1,0,46,2
0.0,0.1,0,4,2
0.0,0.2,0,4,2
0.0,0.1,0,4,2
0.0,0.1,0,4,2
0.0,0.1,0,37,2
0.0,0.2,0,37,2
0.0,0.2,0,37,2
0.0,0.1,0,4,2
0.0,0.2,0,4,2
0.0,0.1,0,4,2
0.0,0.2,0,4,2
0.0,0.3,0,37,2
0.0,0.2,0,37,2
0.0,0.2,0,46,2
0.0,0.2,0,4,2
0.0,0.2,0,4,2
0.0,0.2,0,4,2
0.0,0.1,0,4,2
0.0,0.1,0,4,2
0.0,0.1,0,31,2
0.0,0.1,0,46,2
0.0,0.1,1,31,2
0.0,0.1,0,4,2
0.0,0.2,0,46,2
0.0,0.2,0,20,2
0.0,0.4,0,46,2
0.0,0.2,0,37,2
0.0,0.1,0,4,2
0.0,0.1,0,31,2
0.0,1.5,0,49,2
0.0,0.8,0,31,2
0.0,0.1,0,4,2
0.0,0.1,0,4,2
0.0,0.7,0,31,2
0.0,0.1,0,4,2
0.0,1.4,0,31,2
0.0,0.7,0,31,2
0.1,0.7,0,31,2
0.0,1.0,0,31,2
0.0,0.8,0,31,2
0.0,0.1,0,20,2
0.0,0.1,0,20,2
0.0,0.2,0,4,2
0.0,0.1,1,4,2
0.0,0.2,0,4,2
0.0,0.1,0,4,2
0.0,0.1,0,4,2
0.0,0.1,0,4,2
0.0,0.1,0,4,2
0.0,0.6,0,4,2
0.0,0.1,1,37,2
0.0,0.1,0,20,2
0.0,0.3,0,37,2
0.0,0.2,0,4,2
0.0,0.2,1,4,2
0.0,0.2,0,4,2
0.0,0.1,0,4,2
0.0,0.1,0,4,2
0.0,0.1,0,4,2
0.0,0.9,0,4,2
0.0,0.3,0,4,2
0.0,0.2,0,20,2
0.0,0.8,0,4,2
0.0,0.7,0,4,2
0.0,0.8,0,4,2
0.0,0.7,0,4,2
0.0,0.0,0,37,2
0.0,0.2,0,4,2
0.0,0.1,0,4,2
0.0,0.1,0,4,2
0.0,0.2,0,4,2
0.0,0.2,0,4,2
0.0,0.2,0,4,2
0.0,0.4,0,4,2
0.0,0.4,0,4,2
0.1,0.3,0,46,2
0.0,0.7,0,37,2
0.0,0.3,0,37,2
0.0,0.2,0,46,2
0.0,0.1,0,4,2
0.0,0.1,0,4,2
0.0,0.3,0,4,2
0.0,0.2,0,4,2
0.0,0.1,0,20,2
0.0,0.2,0,4,2
0.0,0.4,0,4,2
0.0,0.7,0,4,2
0.0,0.2,0,4,2
0.0,0.3,0,31,2
0.0,0.4,0,31,2
0.0,0.3,0,4,2
0.0,0.3,0,4,2
0.0,0.3,0,4,2
0.0,0.3,0,4,2
0.0,0.3,0,4,2
0.0,0.3,0,4,2
0.0,0.3,0,4,2
0.0,0.1,0,4,2
0.0,0.3,0,4,2
0.0,0.4,0,4,2
0.0,0.2,0,4,2
0.0,0.1,1,37,2
242.7,9.2,0,47,1
0.0,0.1,0,31,2
0.1,0.7,0,31,2
0.0,0.2,0,4,2
26.2,0.7,0,31,2
0.0,0.5,0,4,2
0.0,0.0,1,20,5
0.7,0.2,1,37,2
0.0,0.0,1,4,2
0.0,0.2,1,37,2
0.0,0.1,1,20,2
0.0,0.3,1,37,2
0.0,0.1,1,50,2
0.0,0.2,1,4,2
0.0,0.1,0,4,2
0.0,0.2,1,4,2
0.0,0.2,1,37,2
0.0,0.1,1,37,2
0.0,0.2,1,37,2
0.0,0.1,1,37,2
0.0,0.2,1,37,2
0.0,1.0,1,50,2
0.0,0.3,1,20,2
0.0,0.1,0,4,2
0.0,0.1,1,4,2
0.0,0.1,1,37,2
0.0,0.3,1,4,2
0.0,0.4,1,4,2
0.0,0.2,1,37,2
0.0,0.3,1,37,2
0.0,0.1,1,4,2
0.0,0.1,1,4,2
0.0,0.1,0,37,2
0.0,0.1,1,37,2
0.0,0.1,0,37,2
0.0,0.2,0,4,2
0.0,0.1,1,20,2
0.0,0.1,0,20,2
0.0,0.1,1,4,2
0.0,0.6,0,63,2
0.0,0.1,1,37,2
0.0,0.1,1,4,2
0.0,0.1,1,37,2
0.0,0.1,1,47,2
0.0,0.1,0,63,2
0.0,0.2,1,37,2
0.0,0.2,1,61,2
0.0,0.2,1,37,2
0.0,0.0,1,37,2
0.0,0.1,0,37,2
0.0,0.0,1,4,2
0.0,0.1,1,4,2
0.0,0.1,1,37,2
0.0,0.1,1,37,2
0.0,0.1,1,4,2
0.0,0.2,1,37,2
0.0,0.2,0,63,2
0.0,0.1,0,4,2
40.5,0.3,1,37,2
0.0,0.1,1,4,2
0.0,0.1,0,4,2
0.0,0.1,0,37,2
0.0,0.1,1,37,2
0.0,0.3,1,4,2
2.3,0.9,0,79,2
0.0,0.1,1,4,2
0.0,0.1,0,4,2
0.0,0.2,0,37,2
0.0,0.1,1,20,2
0.0,0.1,1,4,2
0.0,0.1,1,37,2
0.0,0.1,1,4,2
0.0,0.1,1,4,2
0.0,0.5,1,20,2
0.1,5.3,1,20,2
48.8,0.5,1,20,2
0.0,0.1,1,37,2
0.0,0.1,1,4,2
0.0,0.2,1,4,2
0.0,0.1,1,20,2
0.0,0.1,0,4,2
0.0,0.2,1,4,2
0.0,0.2,1,4,2
0.0,0.2,0,4,2
0.0,0.1,0,4,2
0.0,0.1,0,50,2
0.0,0.2,0,4,2
0.0,0.1,1,37,2
0.0,0.1,1,4,2
0.0,0.1,1,4,2
0.0,0.0,0,4,2
0.0,0.1,0,4,2
0.0,0.1,0,4,2
0.0,0.1,1,97,2
0.0,1.5,1,37,2
0.0,0.1,1,63,2
0.0,0.1,1,4,2
0.0,0.0,1,37,2
0.0,0.1,1,4,2
0.0,0.1,0,4,2
0.0,0.1,1,4,2
0.0,0.1,1,4,2
0.0,0.1,1,20,2
0.0,0.1,1,4,2
0.0,0.1,1,4,2
0.0,0.1,1,4,2
0.0,0.1,1,63,2
0.0,0.1,1,4,2
0.0,0.1,1,61,2
0.0,0.0,1,4,2
0.0,0.1,0,37,2
0.0,0.1,1,4,2
0.0,0.1,1,4,2
0.0,0.1,1,4,2
0.0,0.3,1,37,2
0.0,0.1,0,4,2
0.0,0.0,0,37,2
0.0,0.1,1,20,2
0.0,0.1,1,37,2
0.0,0.1,1,20,2
0.0,0.0,0,4,2
0.0,0.4,0,37,2
0.0,0.1,0,37,2
0.0,0.2,0,61,2
0.0,0.4,0,37,2
0.0,0.1,0,4,2
0.0,0.5,0,4,2
0.0,3.5,0,61,2
0.0,0.1,0,4,2
0.0,0.4,0,47,2
0.0,0.2,0,37,2
0.0,0.5,0,47,2
0.0,0.9,0,46,2
0.0,0.1,0,37,2
0.0,0.3,0,37,2
0.0,0.5,0,47,2
0.0,0.2,0,4,2
0.0,0.3,0,20,2
0.0,0.5,0,4,2
0.0,0.2,0,4,2
0.0,0.5,0,20,2
0.0,0.2,0,4,2
0.0,0.2,0,4,2
0.0,0.3,0,4,2
0.0,0.4,0,4,2
0.0,0.2,0,37,2
0.0,0.6,0,4,2
0.0,0.2,0,4,2
0.0,0.2,0,4,2
0.0,0.2,0,4,2
0.0,0.1,0,4,2
0.0,0.4,0,37,2
0.0,0.2,0,4,2
0.0,0.3,0,46,2
0.0,0.1,1,37,2
0.0,0.2,0,37,2
0.0,0.3,0,37,2
0.0,0.1,0,4,2
0.0,0.6,0,46,2
0.0,0.2,0,4,2
0.0,0.8,0,37,2
0.0,0.2,0,4,2
0.0,0.2,1,37,2
0.0,1.4,0,4,2
0.0,1.4,0,4,2
0.0,0.3,0,37,2
0.0,0.5,0,46,2
0.0,0.1,0,37,2
0.2,0.1,1,4,2
0.0,0.2,0,4,2
0.0,0.4,0,4,2
0.0,0.2,0,4,2
0.0,0.2,0,4,2
0.0,0.1,0,4,2
0.0,0.1,0,4,2
0.0,0.3,0,4,2
0.0,0.4,0,4,2
0.0,0.3,0,4,2
0.0,0.1,0,37,2
0.0,0.4,0,20,2
0.0,2.0,1,37,2
0.0,0.1,0,4,2
0.0,0.1,0,4,2
0.0,0.1,1,4,2
0.0,0.1,1,4,2
0.0,0.2,0,4,2
0.0,0.4,0,4,2
0.0,0.1,0,4,2
0.0,0.1,0,37,2
0.0,0.2,0,4,2
0.0,0.2,0,4,2
0.0,0.2,0,4,2
0.0,0.2,0,4,2
0.0,0.3,0,20,2
0.0,0.3,0,4,2
0.0,0.1,0,4,2
0.0,0.2,0,4,2
0.0,0.2,0,4,2
0.0,0.1,0,4,2
0.0,0.5,0,4,2
0.0,0.1,0,4,2
0.0,0.2,0,4,2
0.0,0.1,0,46,2
0.0,0.1,0,4,2
0.0,0.2,0,4,2
0.0,0.1,0,4,2
0.0,0.1,0,4,2
0.0,0.1,0,37,2
0.0,0.2,0,37,2
0.0,0.2,0,37,2
0.0,0.1,0,4,2
0.0,0.2,0,4,2
0.0,0.1,0,4,2
0.0,0.2,0,4,2
0.0,0.3,0,37,2
0.0,0.2,0,37,2
0.0,0.2,0,46,2
0.0,0.2,0,4,2
0.0,0.2,0,4,2
0.0,0.2,0,4,2
0.0,0.1,0,4,2
0.0,0.1,0,4,2
0.0,0.1,0,31,2
0.0,0.1,0,46,2
0.0,0.1,1,31,2
0.0,0.1,0,4,2
0.0,0.2,0,46,2
0.0,0.2,0,20,2
0.0,0.4,0,46,2
0.0,0.2,0,37,2
0.0,0.1,0,4,2
0.0,0.1,0,31,2
0.0,1.5,0,49,2
0.0,0.8,0,31,2
0.0,0.1,0,4,2
0.0,0.1,0,4,2
0.0,0.7,0,31,2
0.0,0.1,0,4,2
0.0,1.4,0,31,2
0.0,0.7,0,31,2
0.1,0.7,0,31,2
0.0,1.0,0,31,2
0.0,0.8,0,31,2
0.0,0.1,0,20,2
0.0,0.1,0,20,2
0.0,0.2,0,4,2
0.0,0.1,1,4,2
0.0,0.2,0,4,2
0.0,0.1,0,4,2
0.0,0.1,0,4,2
0.0,0.1,0,4,2
0.0,0.1,0,4,2
0.0,0.6,0,4,2
0.0,0.1,1,37,2
0.0,0.1,0,20,2
0.0,0.3,0,37,2
0.0,0.2,0,4,2
0.0,0.2,1,4,2
0.0,0.2,0,4,2
0.0,0.1,0,4,2
0.0,0.1,0,4,2
0.0,0.1,0,4,2
0.0,0.9,0,4,2
0.0,0.3,0,4,2
0.0,0.2,0,20,2
0.0,0.8,0,4,2
0.0,0.7,0,4,2
0.0,0.8,0,4,2
0.0,0.7,0,4,2
0.0,0.0,0,37,2
0.0,0.2,0,4,2
0.0,0.1,0,4,2
0.0,0.1,0,4,2
0.0,0.2,0,4,2
0.0,0.2,0,4,2
0.0,0.2,0,4,2
0.0,0.4,0,4,2
0.0,0.4,0,4,2
0.0,0.3,0,46,2
0.0,0.7,0,37,2
0.0,0.3,0,37,2
0.0,0.2,0,46,2
0.0,0.1,0,4,2
0.0,0.1,0,4,2
0.0,0.3,0,4,2
0.0,0.2,0,4,2
0.0,0.1,0,20,2
0.0,0.2,0,4,2
0.0,0.4,0,4,2
0.0,0.7,0,4,2
0.0,0.2,0,4,2
0.0,0.3,0,31,2
0.0,0.4,0,31,2
0.0,0.3,0,4,2
0.0,0.3,0,4,2
0.0,0.3,0,4,2
0.0,0.3,0,4,2
0.0,0.3,0,4,2
0.0,0.3,0,4,2
0.0,0.3,0,4,2
0.0,0.1,0,4,2
0.0,0.3,0,4,2
0.0,0.4,0,4,2
0.0,0.2,0,4,2
0.0,0.1,1,37,2
103.4,9.2,0,47,2
0.0,0.1,0,31,2
0.1,0.7,0,31,2
0.0,0.2,0,4,2
46.0,0.7,0,31,2
0.0,0.5,0,4,2
0.0,0.0,1,20,5
1.0,0.2,1,37,2
0.0,0.0,1,4,2
0.0,0.2,1,37,2
0.0,0.1,1,20,2
0.0,0.3,1,37,2
0.1,0.1,1,50,2
0.0,0.2,1,4,2
0.0,0.1,0,4,2
0.0,0.2,1,4,2
0.0,0.2,1,37,2
0.0,0.1,1,37,2
0.0,0.2,1,37,2
0.0,0.1,1,37,2
0.0,0.2,1,37,2
0.0,0.9,1,50,2
0.0,0.3,1,20,2
0.0,0.1,0,4,2
0.0,0.1,1,4,2
0.0,0.1,1,37,2
0.0,0.3,1,4,2
0.0,0.4,1,4,2
0.0,0.2,1,37,2
0.0,0.3,1,37,2
0.0,0.1,1,4,2
0.0,0.1,1,4,2
0.0,0.1,0,37,2
0.0,0.1,1,37,2
0.0,0.1,0,37,2
0.0,0.2,0,4,2
0.0,0.1,1,20,2
0.0,0.1,0,20,2
0.0,0.1,1,4,2
0.0,0.6,0,63,2
0.0,0.1,1,37,2
0.0,0.1,1,4,2
0.0,0.1,1,37,2
0.0,0.1,1,47,2
0.0,0.1,0,63,2
0.0,0.2,1,37,2
0.0,0.2,1,61,2
0.0,0.2,1,37,2
0.1,0.0,1,37,2
0.0,0.1,0,37,2
0.0,0.0,1,4,2
0.0,0.1,1,4,2
0.0,0.1,1,37,2
0.0,0.1,1,37,2
0.0,0.1,1,4,2
0.0,0.2,1,37,2
0.0,0.2,0,63,2
0.0,0.1,0,4,2
42.2,0.3,1,4,1
0.0,0.1,1,4,2
0.0,0.1,0,4,2
0.0,0.1,0,37,2
0.0,0.1,1,37,2
0.0,0.3,1,4,2
1.0,0.9,0,79,2
0.0,0.1,1,4,2
0.0,0.1,0,4,2
0.0,0.2,0,4,2
0.0,0.1,1,20,2
0.0,0.1,1,4,2
0.0,0.1,1,37,2
0.0,0.1,1,4,2
0.0,0.1,1,4,2
0.0,0.5,1,20,2
0.1,5.3,1,20,2
50.8,0.5,1,20,1
0.0,0.1,1,37,2
0.0,0.1,1,4,2
0.0,0.2,1,4,2
0.0,0.1,1,20,2
0.0,0.1,0,4,2
0.0,0.2,1,4,2
0.0,0.2,1,4,2
0.0,0.2,0,4,2
0.0,0.1,0,4,2
0.0,0.1,0,50,2
0.0,0.2,0,4,2
0.0,0.1,1,37,2
0.0,0.1,1,4,2
0.0,0.1,1,4,2
0.0,0.0,0,4,2
0.0,0.1,0,4,2
0.0,0.1,0,4,2
0.0,0.1,1,97,2
0.0,1.5,1,37,2
0.0,0.1,1,63,2
0.0,0.1,1,4,2
0.0,0.0,1,37,2
0.0,0.1,1,4,2
0.0,0.1,0,4,2
0.0,0.1,1,4,2
0.0,0.1,1,4,2
0.0,0.1,1,20,2
0.0,0.1,1,4,2
0.0,0.1,1,4,2
0.0,0.1,1,4,2
0.0,0.1,1,63,2
0.0,0.1,1,4,2
0.0,0.1,1,61,2
0.0,0.0,1,4,2
0.0,0.1,0,37,2
0.0,0.1,1,4,2
0.0,0.1,1,4,2
0.0,0.1,1,4,2
0.0,0.3,1,37,2
0.0,0.1,0,4,2
0.0,0.0,0,37,2
0.0,0.1,1,20,2
0.0,0.1,1,37,2
0.0,0.1,1,20,2
0.0,0.0,0,4,2
0.0,0.4,0,37,2
0.0,0.1,0,37,2
0.0,0.2,0,61,2
0.0,0.4,0,37,2
0.0,0.1,0,4,2
0.0,0.5,0,4,2
0.0,3.5,0,61,2
0.0,0.1,0,4,2
0.0,0.4,0,47,2
0.0,0.2,0,37,2
0.0,0.5,0,47,2
0.0,0.9,0,46,2
0.0,0.1,0,37,2
0.0,0.3,0,37,2
0.0,0.5,0,47,2
0.0,0.2,0,4,2
0.0,0.3,0,20,2
0.0,0.5,0,4,2
0.0,0.2,0,4,2
0.0,0.5,0,20,2
0.0,0.2,0,4,2
0.0,0.2,0,4,2
0.0,0.3,0,4,2
0.0,0.4,0,4,2
0.0,0.2,0,37,2
0.0,0.6,0,4,2
0.0,0.2,0,4,2
0.0,0.2,0,4,2
0.0,0.2,0,4,2
0.0,0.1,0,4,2
0.0,0.4,0,37,2
0.0,0.2,0,4,2
0.0,0.3,0,46,2
0.0,0.1,1,37,2
0.0,0.2,0,37,2
0.0,0.3,0,37,2
0.0,0.1,0,4,2
0.0,0.6,0,46,2
0.0,0.2,0,4,2
0.0,0.8,0,37,2
0.0,0.2,0,4,2
0.0,0.2,1,37,2
0.0,1.4,0,4,2
0.0,1.4,0,4,2
0.0,0.3,0,37,2
0.0,0.5,0,4,2
0.0,0.1,0,37,2
0.0,0.1,1,4,2
0.0,0.2,0,4,2
0.0,0.4,0,4,2
0.0,0.2,0,4,2
0.0,0.2,0,4,2
0.0,0.1,0,4,2
0.0,0.1,0,4,2
0.0,0.3,0,4,2
0.0,0.4,0,4,2
0.0,0.3,0,4,2
0.0,0.1,0,37,2
0.1,0.4,0,20,2
0.0,2.0,1,37,2
0.0,0.1,0,4,2
0.0,0.1,0,4,2
0.0,0.1,1,4,2
0.0,0.1,1,4,2
0.0,0.2,0,4,2
0.0,0.4,0,4,2
0.0,0.1,0,4,2
0.0,0.1,0,37,2
0.0,0.2,0,4,2
0.0,0.2,0,4,2
0.0,0.2,0,4,2
0.0,0.2,0,4,2
0.0,0.3,0,20,2
0.0,0.3,0,4,2
0.0,0.1,0,4,2
0.0,0.2,0,4,2
0.0,0.2,0,4,2
0.0,0.1,0,4,2
0.0,0.5,0,4,2
0.0,0.1,0,4,2
0.0,0.2,0,4,2
0.0,0.1,0,46,2
0.0,0.1,0,4,2
0.0,0.2,0,4,2
0.0,0.1,0,4,2
0.0,0.1,0,4,2
0.0,0.1,0,37,2
0.0,0.2,0,37,2
0.0,0.2,0,37,2
0.0,0.1,0,4,2
0.0,0.2,0,4,2
0.0,0.1,0,4,2
0.0,0.2,0,4,2
0.0,0.3,0,37,2
0.0,0.2,0,37,2
0.0,0.2,0,46,2
0.0,0.2,0,4,2
0.0,0.2,0,4,2
0.0,0.2,0,4,2
0.0,0.1,0,4,2
0.0,0.1,0,4,2
0.0,0.1,0,31,2
0.0,0.1,0,46,2
0.0,0.1,1,31,2
0.0,0.1,0,4,2
0.0,0.2,0,46,2
0.0,0.2,0,20,2
0.0,0.4,0,46,2
0.0,0.2,0,37,2
0.0,0.1,0,4,2
0.0,0.1,0,31,2
0.0,1.5,0,49,2
0.0,0.8,0,31,2
0.0,0.1,0,4,2
0.0,0.1,0,4,2
0.0,0.7,0,31,2
0.0,0.1,0,4,2
0.0,1.4,0,31,2
0.0,0.7,0,31,2
0.1,0.7,0,31,2
0.0,1.0,0,31,2
0.0,0.8,0,31,2
0.0,0.1,0,20,2
0.0,0.1,0,20,2
0.0,0.2,0,4,2
0.0,0.1,1,4,2
0.0,0.2,0,4,2
0.0,0.1,0,4,2
0.0,0.1,0,4,2
0.0,0.1,0,4,2
0.0,0.1,0,4,2
0.0,0.6,0,4,2
0.0,0.1,1,37,2
0.0,0.1,0,20,2
0.0,0.3,0,37,2
0.0,0.2,0,4,2
0.0,0.2,1,4,2
0.0,0.2,0,4,2
0.0,0.1,0,4,2
0.0,0.1,0,4,2
0.0,0.1,0,4,2
0.0,0.9,0,4,2
0.0,0.3,0,4,2
0.0,0.2,0,20,2
0.0,0.8,0,4,2
0.0,0.7,0,4,2
0.0,0.8,0,4,2
0.0,0.7,0,4,2
0.0,0.0,0,37,2
0.0,0.2,0,4,2
0.0,0.1,0,4,2
0.0,0.1,0,4,2
0.0,0.2,0,4,2
0.0,0.2,0,4,2
0.0,0.2,0,4,2
0.0,0.4,0,4,2
0.0,0.4,0,4,2
0.0,0.3,0,4,2
0.0,0.7,0,37,2
0.0,0.3,0,37,2
0.0,0.2,0,46,2
0.0,0.1,0,4,2
0.0,0.1,0,4,2
0.0,0.3,0,4,2
0.0,0.2,0,4,2
0.0,0.1,0,20,2
0.0,0.2,0,4,2
0.0,0.4,0,4,2
0.0,0.7,0,4,2
0.0,0.2,0,4,2
0.0,0.3,0,31,2
0.0,0.4,0,31,2
0.0,0.3,0,4,2
0.0,0.3,0,4,2
0.0,0.3,0,4,2
0.0,0.3,0,4,2
0.0,0.3,0,4,2
0.0,0.3,0,4,2
0.0,0.3,0,4,2
0.0,0.1,0,4,2
0.0,0.3,0,4,2
0.0,0.4,0,4,2
0.0,0.2,0,4,2
0.0,0.1,1,37,2
5.6,9.2,0,47,2
0.0,0.1,0,31,2
0.1,0.7,0,31,2
0.0,0.2,0,4,2
46.7,0.7,0,31,2
0.0,0.5,0,4,2
0.0,0.0,1,20,5
1.2,0.2,1,37,2
0.0,0.0,1,4,2
0.0,0.2,1,37,2
0.0,0.1,1,20,2
0.0,0.3,1,37,2
0.1,0.1,1,50,2
0.0,0.2,1,4,2
0.0,0.1,0,4,2
0.0,0.2,1,4,2
0.0,0.2,1,37,2
0.0,0.1,1,37,2
0.1,0.2,1,37,2
0.0,0.1,1,37,2
0.0,0.2,1,37,2
0.0,1.0,1,50,2
0.0,0.3,1,20,2
0.0,0.1,0,4,2
0.0,0.1,1,4,2
0.0,0.1,1,37,2
0.0,0.3,1,4,2
0.0,0.4,1,4,2
0.0,0.2,1,37,2
0.0,0.3,1,37,2
0.0,0.1,1,4,2
0.0,0.1,1,4,2
0.0,0.1,0,37,2
0.0,0.1,1,37,2
0.0,0.1,0,37,2
0.0,0.2,0,4,2
0.0,0.1,1,20,2
0.0,0.1,0,20,2
0.0,0.1,1,4,2
0.0,0.6,0,63,2
0.0,0.1,1,37,2
0.0,0.1,1,4,2
0.0,0.1,1,37,2
0.0,0.1,1,47,2
0.0,0.1,0,63,2
0.0,0.2,1,37,2
0.0,0.2,1,61,2
0.0,0.2,1,37,2
0.4,0.0,1,37,2
0.0,0.1,0,37,2
0.0,0.0,1,4,2
0.0,0.1,1,4,2
0.0,0.1,1,37,2
0.0,0.1,1,37,2
0.0,0.1,1,4,2
0.0,0.2,1,37,2
0.0,0.2,0,63,2
0.0,0.1,0,4,2
43.9,0.3,1,4,1
0.0,0.1,1,4,2
0.0,0.1,0,4,2
0.0,0.1,0,37,2
0.0,0.1,1,37,2
0.0,0.3,1,4,2
0.4,0.9,0,79,2
0.0,0.1,1,4,2
0.0,0.1,0,4,2
0.0,0.2,0,4,2
0.0,0.1,1,20,2
0.3,0.1,1,4,2
0.0,0.1,1,37,2
0.0,0.1,1,4,2
0.0,0.1,1,4,2
0.0,0.5,1,20,2
0.4,5.3,1,20,2
50.2,0.5,1,20,1
0.0,0.1,1,37,2
0.0,0.1,1,4,2
0.0,0.2,1,4,2
0.0,0.1,1,20,2
0.0,0.1,0,4,2
0.0,0.2,1,4,2
0.0,0.2,1,4,2
0.0,0.2,0,4,2
0.0,0.1,0,4,2
0.0,0.1,0,50,2
0.0,0.2,0,4,2
0.0,0.1,1,37,2
0.0,0.1,1,4,2
0.0,0.1,1,4,2
0.0,0.0,0,4,2
0.0,0.1,0,4,2
0.0,0.1,0,4,2
0.0,0.1,1,97,2
0.0,1.5,1,37,2
0.0,0.1,1,63,2
0.0,0.1,1,4,2
0.0,0.0,1,37,2
0.0,0.1,1,4,2
0.0,0.1,0,4,2
0.0,0.1,1,4,2
0.0,0.1,1,4,2
0.0,0.1,1,20,2
0.0,0.1,1,4,2
0.0,0.1,1,4,2
0.0,0.1,1,4,2
0.0,0.1,1,63,2
0.0,0.1,1,4,2
0.0,0.1,1,61,2
0.0,0.0,1,4,2
0.0,0.1,0,37,2
0.0,0.1,1,4,2
0.0,0.1,1,4,2
0.0,0.1,1,4,2
0.0,0.3,1,37,2
0.0,0.1,0,4,2
0.0,0.0,0,37,2
0.0,0.1,1,20,2
0.0,0.1,1,37,2
0.0,0.1,1,20,2
0.0,0.0,0,4,2
0.0,0.4,0,37,2
0.0,0.1,0,37,2
0.0,0.2,0,61,2
0.0,0.4,0,37,2
0.0,0.1,0,4,2
0.0,0.5,0,4,2
23.7,3.6,0,61,2
0.0,0.1,0,4,2
0.0,0.4,0,47,2
0.0,0.2,0,37,2
0.0,0.5,0,47,2
0.0,0.9,0,46,2
0.0,0.1,0,37,2
0.0,0.3,0,37,2
0.0,0.5,0,47,2
0.0,0.2,0,4,2
0.0,0.3,0,20,2
0.0,0.5,0,4,2
0.0,0.2,0,4,2
0.0,0.5,0,20,2
0.0,0.2,0,4,2
0.0,0.2,0,4,2
0.0,0.3,0,4,2
0.0,0.4,0,4,2
0.0,0.2,0,37,2
0.0,0.6,0,4,2
0.0,0.2,0,4,2
0.0,0.2,0,4,2
0.0,0.2,0,4,2
0.0,0.1,0,4,2
0.0,0.4,0,37,2
0.0,0.2,0,4,2
0.0,0.3,0,46,2
0.0,0.1,1,37,2
0.0,0.2,0,37,2
0.0,0.3,0,37,2
0.0,0.1,0,4,2
0.0,0.6,0,46,2
0.0,0.2,0,4,2
0.0,0.8,0,37,2
0.0,0.2,0,4,2
0.0,0.2,1,37,2
0.0,1.4,0,4,2
0.0,1.4,0,4,2
0.0,0.3,0,37,2
0.0,0.5,0,4,2
0.0,0.1,0,37,2
0.0,0.1,1,4,2
0.0,0.2,0,4,2
0.0,0.4,0,4,2
0.0,0.2,0,4,2
0.0,0.2,0,4,2
0.0,0.1,0,4,2
0.0,0.1,0,4,2
0.0,0.3,0,4,2
0.0,0.4,0,4,2
0.0,0.3,0,4,2
0.0,0.1,0,37,2
0.2,0.4,0,20,2
0.0,2.0,1,37,2
0.0,0.1,0,4,2
0.0,0.1,0,4,2
0.0,0.1,1,4,2
0.0,0.1,1,4,2
0.0,0.2,0,4,2
0.0,0.4,0,4,2
0.0,0.1,0,4,2
0.0,0.1,0,37,2
0.0,0.2,0,4,2
0.0,0.2,0,4,2
0.0,0.2,0,4,2
0.0,0.2,0,4,2
0.0,0.3,0,20,2
0.0,0.3,0,4,2
0.0,0.1,0,4,2
0.0,0.2,0,4,2
0.0,0.2,0,4,2
0.0,0.1,0,4,2
0.0,0.5,0,4,2
0.0,0.1,0,4,2
0.0,0.2,0,4,2
0.0,0.1,0,46,2
0.0,0.1,0,4,2
0.0,0.2,0,4,2
0.0,0.1,0,4,2
0.0,0.1,0,4,2
0.0,0.1,0,37,2
0.0,0.2,0,37,2
0.0,0.2,0,37,2
0.0,0.1,0,4,2
0.0,0.2,0,4,2
0.0,0.1,0,4,2
0.0,0.2,0,4,2
0.0,0.3,0,37,2
0.0,0.2,0,37,2
0.0,0.2,0,46,2
0.0,0.2,0,4,2
0.0,0.2,0,4,2
0.0,0.2,0,4,2
0.0,0.1,0,4,2
0.0,0.1,0,4,2
0.0,0.1,0,31,2
0.0,0.1,0,46,2
0.0,0.1,1,31,2
0.0,0.1,0,4,2
0.0,0.2,0,46,2
0.0,0.2,0,20,2
0.0,0.4,0,46,2
0.0,0.2,0,37,2
0.0,0.1,0,4,2
0.0,0.1,0,31,2
0.0,1.5,0,49,2
0.0,0.8,0,31,2
0.0,0.1,0,4,2
0.0,0.1,0,4,2
0.0,0.7,0,31,2
0.0,0.1,0,4,2
0.0,1.4,0,31,2
0.0,0.7,0,31,2
0.1,0.7,0,31,2
0.0,1.0,0,31,2
0.0,0.8,0,31,2
0.0,0.1,0,20,2
0.0,0.1,0,20,2
0.0,0.2,0,4,2
0.0,0.1,1,4,2
0.0,0.2,0,4,2
0.0,0.1,0,4,2
0.0,0.1,0,4,2
0.0,0.1,0,4,2
0.0,0.1,0,4,2
0.0,0.6,0,4,2
0.0,0.1,1,37,2
0.0,0.1,0,20,2
0.0,0.3,0,37,2
0.0,0.2,0,4,2
0.0,0.2,1,4,2
0.0,0.2,0,4,2
0.0,0.1,0,4,2
0.0,0.1,0,4,2
0.0,0.1,0,4,2
0.0,0.9,0,4,2
0.0,0.3,0,4,2
0.0,0.2,0,20,2
0.0,0.8,0,4,2
0.0,0.7,0,4,2
0.0,0.8,0,4,2
0.0,0.7,0,4,2
0.0,0.0,0,37,2
0.0,0.2,0,4,2
0.0,0.1,0,4,2
0.0,0.1,0,4,2
0.0,0.2,0,4,2
0.0,0.2,0,4,2
0.0,0.2,0,4,2
0.0,0.4,0,4,2
0.0,0.4,0,4,2
0.0,0.3,0,4,2
0.0,0.7,0,37,2
0.0,0.3,0,37,2
0.0,0.2,0,46,2
0.0,0.1,0,4,2
0.0,0.1,0,4,2
0.0,0.3,0,4,2
0.0,0.2,0,4,2
0.0,0.1,0,20,2
0.0,0.2,0,4,2
0.0,0.4,0,4,2
0.0,0.7,0,4,2
0.0,0.2,0,4,2
0.0,0.3,0,31,2
0.0,0.4,0,31,2
0.0,0.3,0,4,2
0.0,0.3,0,4,2
0.0,0.3,0,4,2
0.0,0.3,0,4,2
0.0,0.3,0,4,2
0.0,0.3,0,4,2
0.0,0.3,0,4,2
0.0,0.1,0,4,2
0.0,0.3,0,4,2
0.0,0.4,0,4,2
0.0,0.2,0,4,2
0.0,0.1,1,37,2
5.7,9.2,0,46,2
0.0,0.1,0,31,2
0.1,0.7,0,31,2
0.0,0.2,0,4,2
47.5,0.7,0,31,2
0.0,0.5,0,4,2
0.0,0.7,0,31,2
1.0,1.0,0,31,2
0.0,0.0,1,20,5
1.0,0.2,1,37,2
0.0,0.0,1,4,2
0.0,0.2,1,37,2
0.0,0.1,1,20,2
0.0,0.3,1,37,2
0.1,0.1,1,50,2
0.0,0.2,1,4,2
0.0,0.1,0,4,2
0.0,0.2,1,4,2
0.0,0.2,1,37,2
0.1,0.1,1,37,2
0.2,0.2,1,37,2
0.0,0.1,1,37,2
0.0,0.2,1,37,2
0.0,1.0,1,50,2
0.0,0.3,1,20,2
0.0,0.1,0,4,2
0.0,0.1,1,4,2
0.0,0.1,1,37,2
0.0,0.3,1,4,2
0.6,0.4,1,4,2
0.0,0.2,1,37,2
0.0,0.3,1,37,2
0.0,0.1,1,4,2
0.0,0.1,1,4,2
0.0,0.1,0,37,2
0.0,0.1,1,37,2
0.0,0.1,0,37,2
0.0,0.2,0,4,2
0.0,0.1,1,20,2
0.0,0.1,0,20,2
0.6,0.1,1,4,2
0.0,0.6,0,63,2
0.0,0.1,1,37,2
0.0,0.1,1,4,2
0.0,0.1,1,37,2
0.0,0.1,1,81,1
0.7,0.1,0,63,2
0.0,0.2,1,37,2
0.0,0.2,1,61,2
0.0,0.2,1,37,2
0.1,0.0,1,37,2
0.0,0.1,0,37,2
0.0,0.0,1,4,2
0.0,0.1,1,4,2
0.0,0.1,1,37,2
0.0,0.1,1,37,2
0.0,0.1,1,4,2
0.0,0.2,1,37,2
0.0,0.2,0,63,2
0.0,0.1,0,4,2
44.0,0.3,1,4,1
0.0,0.1,1,4,2
0.0,0.1,0,4,2
0.0,0.1,0,37,2
0.0,0.1,1,37,2
0.0,0.3,1,4,2
2.9,0.9,0,79,2
0.0,0.1,1,4,2
0.0,0.1,0,4,2
0.0,0.2,0,37,2
0.0,0.1,1,20,2
0.0,0.1,1,4,2
0.0,0.1,1,37,2
0.0,0.1,1,4,2
0.0,0.1,1,4,2
0.0,0.5,1,20,2
0.0,5.3,1,20,2
50.2,0.5,1,20,2
0.0,0.1,1,37,2
0.0,0.1,1,4,2
0.0,0.2,1,4,2
0.0,0.1,1,20,2
0.0,0.1,0,4,2
0.0,0.2,1,4,2
0.0,0.2,1,4,2
0.0,0.2,0,4,2
0.0,0.1,0,4,2
0.0,0.1,0,50,2
0.0,0.2,0,4,2
0.0,0.1,1,37,2
0.0,0.1,1,4,2
0.0,0.1,1,4,2
0.0,0.0,0,4,2
0.0,0.1,0,4,2
0.0,0.1,0,4,2
0.0,0.1,1,97,2
0.0,1.5,1,37,2
0.0,0.1,1,63,2
0.0,0.1,1,4,2
0.0,0.0,1,37,2
0.0,0.1,1,4,2
0.0,0.1,0,4,2
0.0,0.1,1,4,2
0.0,0.1,1,4,2
0.0,0.1,1,20,2
0.0,0.1,1,4,2
0.0,0.1,1,4,2
0.0,0.1,1,4,2
0.0,0.1,1,63,2
0.0,0.1,1,4,2
0.0,0.1,1,61,2
0.0,0.0,1,4,2
0.0,0.1,0,37,2
0.0,0.1,1,4,2
0.0,0.1,1,4,2
0.0,0.1,1,4,2
0.0,0.3,1,37,2
0.0,0.1,0,4,2
0.0,0.0,0,37,2
0.0,0.1,1,20,2
0.0,0.1,1,37,2
0.0,0.1,1,20,2
0.0,0.0,0,4,2
0.0,0.4,0,37,2
0.0,0.1,0,37,2
0.0,0.2,0,61,2
0.0,0.4,0,37,2
0.0,0.1,0,4,2
0.0,0.5,0,4,2
0.0,3.6,0,61,2
0.0,0.1,0,4,2
0.0,0.4,0,47,2
0.0,0.2,0,37,2
0.0,0.5,0,47,2
1.4,0.9,0,47,2
0.0,0.1,0,37,2
0.0,0.3,0,37,2
0.0,0.5,0,47,2
0.0,0.2,0,4,2
0.0,0.3,0,20,2
0.0,0.5,0,4,2
0.0,0.2,0,4,2
0.0,0.5,0,20,2
0.0,0.2,0,4,2
0.0,0.2,0,4,2
0.0,0.3,0,4,2
0.0,0.4,0,4,2
0.0,0.2,0,37,2
0.0,0.6,0,4,2
0.0,0.2,0,4,2
0.0,0.2,0,4,2
0.0,0.2,0,4,2
0.0,0.1,0,4,2
0.0,0.4,0,37,2
0.0,0.2,0,4,2
0.0,0.3,0,46,2
0.0,0.1,1,37,2
0.0,0.2,0,37,2
0.0,0.3,0,37,2
0.0,0.1,0,4,2
0.0,0.6,0,46,2
0.0,0.2,0,4,2
0.0,0.8,0,37,2
0.0,0.2,0,4,2
0.0,0.2,1,37,2
0.0,1.4,0,4,2
0.0,1.4,0,4,2
0.0,0.3,0,37,2
0.0,0.5,0,4,2
0.0,0.1,0,37,2
0.0,0.1,1,4,2
0.0,0.2,0,4,2
0.0,0.4,0,4,2
0.0,0.2,0,4,2
0.0,0.2,0,4,2
0.0,0.1,0,4,2
0.0,0.1,0,4,2
0.0,0.3,0,4,2
0.0,0.4,0,4,2
0.0,0.3,0,4,2
0.0,0.1,0,37,2
0.1,0.4,0,20,2
0.0,2.0,1,37,2
0.0,0.1,0,4,2
0.0,0.1,0,4,2
0.0,0.1,1,4,2
0.0,0.1,1,4,2
0.0,0.2,0,4,2
0.0,0.4,0,4,2
0.0,0.1,0,4,2
0.0,0.1,0,37,2
0.0,0.2,0,4,2
0.0,0.2,0,4,2
0.0,0.2,0,4,2
0.0,0.2,0,4,2
0.0,0.3,0,20,2
0.0,0.3,0,4,2
0.0,0.1,0,4,2
0.0,0.2,0,4,2
0.0,0.2,0,4,2
0.0,0.1,0,4,2
0.0,0.5,0,4,2
0.0,0.1,0,4,2
0.0,0.2,0,4,2
0.0,0.1,0,46,2
0.0,0.1,0,4,2
0.0,0.2,0,4,2
0.0,0.1,0,4,2
0.0,0.1,0,4,2
0.0,0.1,0,37,2
0.0,0.2,0,37,2
0.0,0.2,0,37,2
0.0,0.1,0,4,2
0.0,0.2,0,4,2
0.0,0.1,0,4,2
0.0,0.2,0,4,2
0.0,0.3,0,37,2
0.0,0.2,0,37,2
0.0,0.2,0,46,2
0.0,0.2,0,4,2
0.0,0.2,0,4,2
0.0,0.2,0,4,2
0.0,0.1,0,4,2
0.0,0.1,0,4,2
0.0,0.1,0,31,2
0.0,0.1,0,46,2
0.0,0.1,1,31,2
0.0,0.1,0,4,2
0.0,0.2,0,46,2
0.0,0.2,0,20,2
0.0,0.4,0,46,2
0.0,0.2,0,37,2
0.0,0.1,0,4,2
0.0,0.1,0,31,2
0.0,1.5,0,49,2
0.0,0.8,0,31,2
0.0,0.1,0,4,2
0.0,0.1,0,4,2
0.0,0.7,0,31,2
0.0,0.1,0,4,2
0.0,1.4,0,31,2
0.0,0.7,0,31,2
0.1,0.7,0,31,2
0.0,1.0,0,31,2
0.0,0.8,0,31,2
0.0,0.1,0,20,2
0.0,0.1,0,20,2
0.0,0.2,0,4,2
0.0,0.1,1,4,2
0.0,0.2,0,4,2
0.0,0.1,0,4,2
0.0,0.1,0,4,2
0.0,0.1,0,4,2
0.0,0.1,0,4,2
0.0,0.6,0,4,2
0.0,0.1,1,37,2
0.0,0.1,0,20,2
0.0,0.3,0,37,2
0.0,0.2,0,4,2
0.0,0.2,1,4,2
0.0,0.2,0,4,2
0.0,0.1,0,4,2
0.0,0.1,0,4,2
0.0,0.1,0,4,2
0.0,0.9,0,4,2
0.0,0.3,0,4,2
0.0,0.2,0,20,2
0.0,0.8,0,4,2
0.0,0.7,0,4,2
0.0,0.8,0,4,2
0.0,0.7,0,4,2
0.0,0.0,0,37,2
0.0,0.2,0,4,2
0.0,0.1,0,4,2
0.0,0.1,0,4,2
0.0,0.2,0,4,2
0.0,0.2,0,4,2
0.0,0.2,0,4,2
0.0,0.4,0,4,2
0.0,0.4,0,4,2
0.0,0.3,0,4,2
0.0,0.7,0,37,2
0.0,0.3,0,37,2
0.0,0.2,0,46,2
0.0,0.1,0,4,2
0.0,0.1,0,4,2
0.0,0.3,0,4,2
0.0,0.2,0,4,2
0.0,0.1,0,20,2
0.0,0.2,0,4,2
0.0,0.4,0,4,2
0.0,0.7,0,4,2
0.0,0.2,0,4,2
0.0,0.3,0,31,2
0.0,0.4,0,31,2
0.0,0.3,0,4,2
0.0,0.3,0,4,2
0.0,0.3,0,4,2
0.0,0.3,0,4,2
0.0,0.3,0,4,2
0.0,0.3,0,4,2
0.0,0.3,0,4,2
0.0,0.1,0,4,2
0.0,0.3,0,4,2
0.0,0.4,0,4,2
0.0,0.2,0,4,2
0.0,0.1,1,37,2
3.1,9.2,0,46,2
0.0,0.1,0,31,2
0.1,0.7,0,31,2
0.0,0.2,0,4,2
48.2,0.7,0,31,2
0.0,0.5,0,4,2
0.0,0.0,1,20,5
0.0,0.0,1,20,5
0.0,0.2,0,4,2
0.0,0.0,1,20,5
0.7,0.2,1,37,2
0.0,0.0,1,4,2
0.0,0.2,1,37,2
0.0,0.1,1,20,2
0.0,0.3,1,37,2
0.0,0.1,1,50,2
0.0,0.2,1,4,2
0.0,0.1,0,4,2
0.1,0.2,1,4,2
0.0,0.2,1,37,2
0.1,0.1,1,37,2
0.0,0.2,1,37,2
0.0,0.1,1,37,2
0.0,0.2,1,37,2
0.0,1.0,1,50,2
0.0,0.3,1,20,2
0.0,0.1,0,4,2
0.0,0.1,1,4,2
0.0,0.1,1,37,2
0.0,0.3,1,4,2
0.0,0.4,1,4,2
0.0,0.2,1,37,2
0.0,0.3,1,37,2
0.0,0.1,1,4,2
0.0,0.1,1,4,2
0.0,0.1,0,37,2
0.0,0.1,1,37,2
0.0,0.1,0,37,2
0.0,0.2,0,4,2
0.0,0.1,1,20,2
0.0,0.1,0,20,2
0.0,0.1,1,4,2
0.0,0.6,0,63,2
0.0,0.1,1,37,2
0.0,0.1,1,4,2
0.0,0.1,1,37,2
0.0,0.1,1,47,2
0.2,0.1,0,63,2
0.0,0.2,1,37,2
0.0,0.2,1,61,2
0.0,0.2,1,37,2
0.1,0.0,1,37,2
0.0,0.1,0,37,2
0.0,0.0,1,4,2
0.0,0.1,1,4,2
0.0,0.1,1,37,2
0.0,0.1,1,37,2
0.0,0.1,1,4,2
0.0,0.2,1,37,2
0.0,0.2,0,63,2
0.0,0.1,0,4,2
32.9,0.3,1,37,2
0.0,0.1,1,4,2
0.0,0.1,0,4,2
0.0,0.1,0,37,2
0.0,0.1,1,37,2
0.0,0.3,1,4,2
2.2,0.9,0,79,2
0.0,0.1,1,4,2
0.0,0.1,0,4,2
0.0,0.2,0,37,2
0.0,0.1,1,20,2
0.0,0.1,1,4,2
0.0,0.1,1,37,2
0.0,0.1,1,4,2
0.0,0.1,1,4,2
0.0,0.5,1,20,2
0.1,5.3,1,20,2
41.2,0.5,1,20,2
0.0,0.1,1,37,2
0.0,0.1,1,4,2
0.0,0.2,1,4,2
0.0,0.1,1,20,2
0.0,0.1,0,4,2
0.0,0.2,1,4,2
0.0,0.2,1,4,2
0.0,0.2,0,4,2
0.0,0.1,0,4,2
0.0,0.1,0,50,2
0.0,0.2,0,4,2
0.0,0.1,1,37,2
0.0,0.1,1,4,2
0.0,0.1,1,4,2
0.0,0.0,0,4,2
0.0,0.1,0,4,2
0.0,0.1,0,4,2
0.0,0.1,1,97,2
17.7,1.5,1,37,2
0.0,0.1,1,63,2
0.0,0.1,1,4,2
0.0,0.0,1,37,2
0.0,0.1,1,4,2
0.0,0.1,0,4,2
0.0,0.1,1,4,2
0.0,0.1,1,4,2
0.0,0.1,1,20,2
0.0,0.1,1,4,2
0.0,0.1,1,4,2
0.0,0.1,1,4,2
0.0,0.1,1,63,2
0.0,0.1,1,4,2
0.0,0.1,1,61,2
0.0,0.0,1,4,2
0.0,0.1,0,37,2
0.0,0.1,1,4,2
0.0,0.1,1,4,2
0.0,0.1,1,4,2
0.0,0.3,1,37,2
0.0,0.1,0,4,2
0.0,0.0,0,37,2
0.0,0.1,1,20,2
0.0,0.1,1,37,2
0.0,0.1,1,20,2
0.0,0.0,0,4,2
0.0,0.4,0,37,2
0.0,0.1,0,37,2
0.1,0.2,0,61,2
0.0,0.4,0,37,2
0.0,0.1,0,4,2
0.0,0.5,0,4,2
0.0,3.5,0,61,2
0.0,0.1,0,4,2
0.0,0.4,0,47,2
0.0,0.2,0,37,2
0.0,0.5,0,47,2
0.0,0.9,0,46,2
0.0,0.1,0,37,2
0.0,0.3,0,37,2
0.0,0.5,0,47,2
0.0,0.2,0,4,2
0.0,0.3,0,20,2
0.0,0.5,0,4,2
0.0,0.2,0,4,2
0.0,0.5,0,20,2
0.0,0.2,0,4,2
0.0,0.2,0,4,2
0.0,0.3,0,4,2
0.0,0.4,0,4,2
0.0,0.2,0,37,2
0.0,0.6,0,4,2
0.0,0.2,0,4,2
0.0,0.2,0,4,2
0.0,0.2,0,4,2
0.0,0.1,0,4,2
0.0,0.4,0,37,2
0.0,0.2,0,4,2
0.0,0.3,0,46,2
0.0,0.1,1,37,2
0.0,0.2,0,37,2
0.0,0.3,0,37,2
0.0,0.1,0,4,2
0.0,0.6,0,46,2
0.0,0.2,0,4,2
0.0,0.8,0,37,2
0.0,0.2,0,4,2
0.0,0.2,1,37,2
0.0,1.4,0,4,2
0.0,1.4,0,4,2
0.0,0.3,0,37,2
0.0,0.5,0,4,2
0.0,0.1,0,37,2
0.0,0.1,1,4,2
0.0,0.2,0,4,2
0.0,0.4,0,4,2
0.0,0.2,0,4,2
0.0,0.2,0,4,2
0.0,0.1,0,4,2
0.0,0.1,0,4,2
0.0,0.3,0,4,2
0.0,0.4,0,4,2
0.0,0.3,0,4,2
0.0,0.1,0,37,2
0.0,0.4,0,20,2
0.0,2.0,1,37,2
0.0,0.1,0,4,2
0.0,0.1,0,4,2
0.0,0.1,1,4,2
0.0,0.1,1,4,2
0.0,0.2,0,4,2
0.0,0.4,0,4,2
0.0,0.1,0,4,2
0.0,0.1,0,37,2
0.0,0.2,0,4,2
0.0,0.2,0,4,2
0.0,0.2,0,4,2
0.0,0.2,0,4,2
0.0,0.3,0,20,2
0.0,0.3,0,4,2
0.0,0.1,0,4,2
0.0,0.2,0,4,2
0.0,0.2,0,4,2
0.0,0.1,0,4,2
0.0,0.5,0,4,2
0.0,0.1,0,4,2
0.0,0.2,0,4,2
0.0,0.1,0,46,2
0.0,0.1,0,4,2
0.0,0.2,0,4,2
0.0,0.1,0,4,2
0.0,0.1,0,4,2
0.0,0.1,0,37,2
0.0,0.2,0,37,2
0.0,0.2,0,37,2
0.0,0.1,0,4,2
0.0,0.2,0,4,2
0.0,0.1,0,4,2
0.0,0.2,0,4,2
0.1,0.3,0,37,2
0.0,0.2,0,37,2
0.0,0.2,0,46,2
0.0,0.2,0,4,2
0.0,0.2,0,4,2
0.0,0.2,0,4,2
0.0,0.1,0,4,2
0.0,0.1,0,4,2
0.0,0.1,0,31,2
0.0,0.1,0,46,2
0.0,0.1,1,31,2
0.0,0.1,0,4,2
0.0,0.2,0,46,2
0.0,0.2,0,20,2
0.0,0.4,0,46,2
0.0,0.2,0,37,2
0.0,0.1,0,4,2
0.0,0.1,0,31,2
0.0,1.5,0,49,2
0.0,0.8,0,31,2
0.0,0.1,0,4,2
0.0,0.1,0,4,2
0.0,0.7,0,31,2
0.0,0.1,0,4,2
0.0,1.4,0,31,2
0.0,0.7,0,31,2
0.1,0.7,0,31,2
0.0,1.0,0,31,2
0.0,0.8,0,31,2
0.0,0.1,0,20,2
0.0,0.1,0,20,2
0.0,0.2,0,4,2
0.0,0.1,1,4,2
0.0,0.2,0,4,2
0.0,0.1,0,4,2
0.0,0.1,0,4,2
0.0,0.1,0,4,2
0.0,0.1,0,4,2
0.0,0.6,0,4,2
0.0,0.1,1,37,2
0.0,0.1,0,20,2
0.0,0.3,0,37,2
0.0,0.2,0,4,2
0.0,0.2,1,4,2
0.0,0.2,0,4,2
0.0,0.1,0,4,2
0.0,0.1,0,4,2
0.0,0.1,0,4,2
0.0,0.9,0,4,2
0.0,0.3,0,4,2
0.0,0.2,0,20,2
0.0,0.8,0,4,2
0.0,0.7,0,4,2
0.0,0.8,0,4,2
0.0,0.7,0,4,2
0.0,0.0,0,37,2
0.0,0.2,0,4,2
0.0,0.1,0,4,2
0.0,0.1,0,4,2
0.0,0.2,0,4,2
0.0,0.2,0,4,2
0.0,0.2,0,4,2
0.0,0.4,0,4,2
0.0,0.4,0,4,2
0.0,0.3,0,4,2
0.0,0.7,0,37,2
0.0,0.3,0,37,2
0.0,0.2,0,46,2
0.0,0.1,0,4,2
0.0,0.1,0,4,2
0.0,0.3,0,4,2
0.0,0.2,0,4,2
0.0,0.1,0,20,2
0.0,0.2,0,4,2
0.0,0.4,0,4,2
0.0,0.7,0,4,2
0.0,0.2,0,4,2
0.0,0.3,0,31,2
0.0,0.4,0,31,2
0.0,0.3,0,4,2
0.0,0.3,0,4,2
0.0,0.3,0,4,2
0.0,0.3,0,4,2
0.0,0.3,0,4,2
0.0,0.3,0,4,2
0.0,0.3,0,4,2
0.0,0.1,0,4,2
0.0,0.3,0,4,2
0.0,0.4,0,4,2
0.0,0.2,0,4,2
0.0,0.1,1,37,2
3.7,9.3,0,47,2
0.0,0.1,0,31,2
0.1,0.7,0,31,2
0.0,0.2,0,4,2
49.2,0.7,0,31,2
0.0,0.5,0,4,2
0.0,0.2,0,4,2
0.0,0.2,0,4,2
0.0,0.0,1,20,5
0.9,0.2,1,37,2
0.0,0.0,1,4,2
0.0,0.2,1,37,2
0.0,0.1,1,20,2
0.0,0.3,1,37,2
0.1,0.1,1,50,2
0.0,0.2,1,4,2
0.0,0.1,0,4,2
0.0,0.2,1,4,2
0.0,0.2,1,37,2
0.0,0.1,1,37,2
0.4,0.2,1,37,2
0.0,0.1,1,37,2
0.0,0.2,1,37,2
0.0,1.0,1,50,2
0.0,0.3,1,20,2
0.0,0.1,0,4,2
0.0,0.1,1,4,2
0.0,0.1,1,37,2
0.0,0.3,1,4,2
0.0,0.4,1,4,2
0.0,0.2,1,37,2
0.0,0.3,1,37,2
0.0,0.1,1,4,2
0.0,0.1,1,4,2
0.0,0.1,0,37,2
0.0,0.1,1,37,2
0.0,0.1,0,37,2
0.0,0.2,0,4,2
0.0,0.1,1,20,2
0.0,0.1,0,20,2
0.0,0.1,1,4,2
0.0,0.6,0,63,2
0.0,0.1,1,37,2
0.0,0.1,1,4,2
0.0,0.1,1,37,2
0.0,0.1,1,47,2
0.0,0.1,0,63,2
0.0,0.2,1,37,2
0.0,0.2,1,61,2
0.0,0.2,1,37,2
0.1,0.0,1,37,2
0.0,0.1,0,37,2
0.0,0.0,1,4,2
0.0,0.1,1,4,2
0.0,0.1,1,37,2
0.0,0.1,1,37,2
0.0,0.1,1,4,2
0.0,0.2,1,37,2
0.0,0.2,0,63,2
0.0,0.1,0,4,2
43.4,0.3,1,37,1
0.0,0.1,1,4,2
0.0,0.1,0,4,2
0.0,0.1,0,37,2
0.0,0.1,1,37,2
0.0,0.3,1,4,2
0.6,0.9,0,79,2
0.0,0.1,1,4,2
0.0,0.1,0,4,2
0.0,0.2,0,4,2
0.0,0.1,1,20,2
0.0,0.1,1,4,2
0.0,0.1,1,37,2
0.0,0.1,1,4,2
0.0,0.1,1,4,2
0.0,0.5,1,20,2
0.4,5.3,1,20,2
51.2,0.5,1,20,2
0.0,0.1,1,37,2
0.0,0.1,1,4,2
0.0,0.2,1,4,2
0.0,0.1,1,20,2
0.0,0.1,0,4,2
0.0,0.2,1,4,2
0.0,0.2,1,4,2
0.0,0.2,0,4,2
0.0,0.1,0,4,2
0.0,0.1,0,50,2
0.0,0.2,0,4,2
0.0,0.1,1,37,2
0.0,0.1,1,4,2
0.0,0.1,1,4,2
0.0,0.0,0,4,2
0.0,0.1,0,4,2
0.0,0.1,0,4,2
0.0,0.1,1,97,2
0.0,1.5,1,37,2
0.0,0.1,1,63,2
0.0,0.1,1,4,2
0.0,0.0,1,37,2
0.0,0.1,1,4,2
0.0,0.1,0,4,2
0.0,0.1,1,4,2
0.0,0.1,1,4,2
0.0,0.1,1,20,2
0.0,0.1,1,4,2
0.0,0.1,1,4,2
0.0,0.1,1,4,2
0.0,0.1,1,63,2
0.0,0.1,1,4,2
0.0,0.1,1,61,2
0.0,0.0,1,4,2
0.0,0.1,0,37,2
0.0,0.1,1,4,2
0.0,0.1,1,4,2
0.0,0.1,1,4,2
0.0,0.3,1,37,2
0.0,0.1,0,4,2
0.0,0.0,0,37,2
0.0,0.1,1,20,2
0.0,0.1,1,37,2
0.0,0.1,1,20,2
0.0,0.0,0,4,2
0.0,0.4,0,37,2
0.0,0.1,0,37,2
0.0,0.2,0,61,2
0.0,0.4,0,37,2
0.0,0.1,0,4,2
0.0,0.5,0,4,2
0.0,3.5,0,61,2
0.0,0.1,0,4,2
0.0,0.4,0,47,2
0.0,0.2,0,37,2
0.0,0.5,0,47,2
0.0,0.9,0,46,2
0.0,0.1,0,37,2
0.0,0.3,0,37,2
0.0,0.5,0,47,2
0.0,0.2,0,4,2
0.0,0.3,0,20,2
0.0,0.5,0,4,2
0.0,0.2,0,4,2
0.0,0.5,0,20,2
0.0,0.2,0,4,2
0.0,0.2,0,4,2
0.0,0.3,0,4,2
0.0,0.4,0,4,2
0.0,0.2,0,37,2
0.0,0.6,0,4,2
0.0,0.2,0,4,2
0.0,0.2,0,4,2
0.0,0.2,0,4,2
0.0,0.1,0,4,2
0.0,0.4,0,37,2
0.0,0.2,0,4,2
0.0,0.3,0,46,2
0.0,0.1,1,37,2
0.0,0.2,0,37,2
0.0,0.3,0,37,2
0.0,0.1,0,4,2
0.0,0.6,0,46,2
0.0,0.2,0,4,2
0.0,0.8,0,37,2
0.0,0.2,0,4,2
0.0,0.2,1,37,2
0.0,1.4,0,4,2
0.0,1.4,0,4,2
0.0,0.3,0,37,2
0.0,0.5,0,4,2
0.0,0.1,0,37,2
0.0,0.1,1,4,2
0.0,0.2,0,4,2
0.0,0.4,0,4,2
0.0,0.2,0,4,2
0.0,0.2,0,4,2
0.0,0.1,0,4,2
0.0,0.1,0,4,2
0.0,0.3,0,4,2
0.0,0.4,0,4,2
0.0,0.3,0,4,2
0.0,0.1,0,37,2
0.0,0.4,0,20,2
0.0,2.0,1,37,2
0.0,0.1,0,4,2
0.0,0.1,0,4,2
0.0,0.1,1,4,2
0.0,0.1,1,4,2
0.0,0.2,0,4,2
0.0,0.4,0,4,2
0.0,0.1,0,4,2
0.0,0.1,0,37,2
0.0,0.2,0,4,2
0.0,0.2,0,4,2
0.0,0.2,0,4,2
0.0,0.2,0,4,2
0.0,0.3,0,20,2
0.0,0.3,0,4,2
0.0,0.1,0,4,2
0.0,0.2,0,4,2
0.0,0.2,0,4,2
0.0,0.1,0,4,2
0.0,0.5,0,4,2
0.0,0.1,0,4,2
0.0,0.2,0,4,2
0.0,0.1,0,46,2
0.0,0.1,0,4,2
0.0,0.2,0,4,2
0.0,0.1,0,4,2
0.0,0.1,0,4,2
0.0,0.1,0,37,2
0.0,0.2,0,37,2
0.0,0.2,0,37,2
0.0,0.1,0,4,2
0.0,0.2,0,4,2
0.0,0.1,0,4,2
0.0,0.2,0,4,2
0.0,0.3,0,37,2
0.0,0.2,0,37,2
0.0,0.2,0,46,2
0.0,0.2,0,4,2
0.0,0.2,0,4,2
0.0,0.2,0,4,2
0.0,0.1,0,4,2
0.0,0.1,0,4,2
0.0,0.1,0,31,2
0.0,0.1,0,46,2
0.0,0.1,1,31,2
0.0,0.1,0,4,2
0.0,0.2,0,46,2
0.0,0.2,0,20,2
0.0,0.4,0,46,2
0.0,0.2,0,37,2
0.0,0.1,0,4,2
0.0,0.1,0,31,2
0.0,1.5,0,49,2
0.0,0.8,0,31,2
0.0,0.1,0,4,2
0.0,0.1,0,4,2
0.0,0.7,0,31,2
0.0,0.1,0,4,2
0.0,1.4,0,31,2
0.0,0.7,0,31,2
0.1,0.7,0,31,2
0.0,1.0,0,31,2
0.0,0.8,0,31,2
0.0,0.1,0,20,2
0.0,0.1,0,20,2
0.0,0.2,0,4,2
0.0,0.1,1,4,2
0.0,0.2,0,4,2
0.0,0.1,0,4,2
0.0,0.1,0,4,2
0.0,0.1,0,4,2
0.0,0.1,0,4,2
0.0,0.6,0,4,2
0.0,0.1,1,37,2
0.0,0.1,0,20,2
0.0,0.3,0,37,2
0.0,0.2,0,4,2
0.0,0.2,1,4,2
0.0,0.2,0,4,2
0.0,0.1,0,4,2
0.0,0.1,0,4,2
0.0,0.1,0,4,2
0.0,0.9,0,4,2
0.0,0.3,0,4,2
0.0,0.2,0,20,2
0.0,0.8,0,4,2
0.0,0.7,0,4,2
0.0,0.8,0,4,2
0.0,0.7,0,4,2
0.0,0.0,0,37,2
0.0,0.2,0,4,2
0.0,0.1,0,4,2
0.0,0.1,0,4,2
0.0,0.2,0,4,2
0.0,0.2,0,4,2
0.0,0.2,0,4,2
0.0,0.4,0,4,2
0.0,0.4,0,4,2
0.0,0.3,0,4,2
0.0,0.7,0,37,2
0.0,0.3,0,37,2
0.0,0.2,0,46,2
0.0,0.1,0,4,2
0.0,0.1,0,4,2
0.0,0.3,0,4,2
0.0,0.2,0,4,2
0.0,0.1,0,20,2
0.0,0.2,0,4,2
0.0,0.4,0,4,2
0.0,0.7,0,4,2
0.0,0.2,0,4,2
0.0,0.3,0,31,2
0.0,0.4,0,31,2
0.0,0.3,0,4,2
0.0,0.3,0,4,2
0.0,0.3,0,4,2
0.0,0.3,0,4,2
0.0,0.3,0,4,2
0.0,0.3,0,4,2
0.0,0.3,0,4,2
0.0,0.1,0,4,2
0.0,0.3,0,4,2
0.0,0.4,0,4,2
0.0,0.2,0,4,2
0.0,0.1,1,37,2
4.5,9.3,0,47,2
0.0,0.1,0,31,2
0.1,0.7,0,31,2
0.0,0.2,0,4,2
47.8,0.7,0,31,2
0.0,0.5,0,4,2
0.0,0.2,0,4,2
0.0,0.0,1,20,5
0.0,0.0,1,20,5
0.9,0.2,1,37,2
0.0,0.0,1,4,2
0.0,0.2,1,37,2
0.0,0.1,1,20,2
0.0,0.3,1,37,2
0.0,0.1,1,50,2
0.0,0.2,1,4,2
0.0,0.1,0,4,2
0.0,0.2,1,4,2
0.0,0.2,1,37,2
0.0,0.1,1,37,2
0.2,0.2,1,37,2
0.0,0.1,1,37,2
0.0,0.2,1,37,2
0.0,1.0,1,50,2
0.0,0.3,1,20,2
0.0,0.1,0,4,2
0.0,0.1,1,4,2
0.0,0.1,1,37,2
0.0,0.3,1,4,2
0.0,0.4,1,4,2
0.0,0.2,1,37,2
0.0,0.3,1,37,2
0.0,0.1,1,4,2
0.0,0.1,1,4,2
0.0,0.1,0,37,2
0.0,0.1,1,37,2
0.0,0.1,0,37,2
0.0,0.2,0,4,2
0.0,0.1,1,20,2
0.0,0.1,0,20,2
0.0,0.1,1,4,2
0.0,0.6,0,63,2
0.0,0.1,1,37,2
0.0,0.1,1,4,2
0.0,0.1,1,37,2
0.0,0.1,1,47,2
1.9,0.1,0,63,2
0.0,0.2,1,37,2
0.0,0.2,1,61,2
0.0,0.2,1,37,2
0.1,0.0,1,37,2
0.0,0.1,0,37,2
0.0,0.0,1,4,2
0.0,0.1,1,4,2
0.0,0.1,1,37,2
0.0,0.1,1,37,2
0.0,0.1,1,4,2
0.0,0.2,1,37,2
0.0,0.2,0,63,2
0.0,0.1,0,4,2
44.0,0.3,1,37,2
0.0,0.1,1,4,2
0.0,0.1,0,4,2
0.0,0.1,0,37,2
0.0,0.1,1,37,2
0.0,0.3,1,4,2
3.2,0.9,0,79,2
0.0,0.1,1,4,2
0.0,0.1,0,4,2
0.0,0.2,0,37,2
0.0,0.1,1,20,2
0.0,0.1,1,4,2
0.0,0.1,1,37,2
0.0,0.1,1,4,2
0.0,0.1,1,4,2
0.0,0.5,1,20,2
0.0,5.3,1,20,2
49.6,0.5,1,20,2
0.0,0.1,1,37,2
0.0,0.1,1,4,2
0.0,0.2,1,4,2
0.0,0.1,1,20,2
0.0,0.1,0,4,2
0.0,0.2,1,4,2
0.0,0.2,1,4,2
0.0,0.2,0,4,2
0.0,0.1,0,4,2
0.0,0.1,0,50,2
0.0,0.2,0,4,2
0.0,0.1,1,37,2
0.0,0.1,1,4,2
0.0,0.1,1,4,2
0.0,0.0,0,4,2
0.0,0.1,0,4,2
0.0,0.1,0,4,2
0.0,0.1,1,97,2
0.0,1.5,1,37,2
0.0,0.1,1,63,2
0.0,0.1,1,4,2
0.0,0.0,1,37,2
0.0,0.1,1,4,2
0.0,0.1,0,4,2
0.0,0.1,1,4,2
0.0,0.1,1,4,2
0.0,0.1,1,20,2
0.0,0.1,1,4,2
0.0,0.1,1,4,2
0.0,0.1,1,4,2
0.0,0.1,1,63,2
0.0,0.1,1,4,2
0.0,0.1,1,61,2
0.0,0.0,1,4,2
0.0,0.1,0,37,2
0.0,0.1,1,4,2
0.0,0.1,1,4,2
0.0,0.1,1,4,2
0.0,0.3,1,37,2
0.0,0.1,0,4,2
0.0,0.0,0,37,2
0.0,0.1,1,20,2
0.0,0.1,1,37,2
0.0,0.1,1,20,2
0.0,0.0,0,4,2
0.1,0.4,0,37,2
0.0,0.1,0,37,2
0.0,0.2,0,61,2
0.0,0.4,0,37,2
0.0,0.1,0,4,2
0.0,0.5,0,4,2
0.0,3.5,0,61,2
0.0,0.1,0,4,2
0.0,0.4,0,47,2
0.0,0.2,0,37,2
0.0,0.5,0,47,2
0.0,0.9,0,46,2
0.0,0.1,0,37,2
0.0,0.3,0,37,2
0.0,0.5,0,47,2
0.0,0.2,0,4,2
0.0,0.3,0,20,2
0.0,0.5,0,4,2
0.0,0.2,0,4,2
0.0,0.5,0,20,2
0.0,0.2,0,4,2
0.0,0.2,0,4,2
0.0,0.3,0,4,2
0.0,0.4,0,4,2
0.0,0.2,0,37,2
0.0,0.6,0,4,2
0.0,0.2,0,4,2
0.0,0.2,0,4,2
0.0,0.2,0,4,2
0.0,0.1,0,4,2
0.0,0.4,0,37,2
0.0,0.2,0,4,2
0.0,0.3,0,46,2
0.0,0.1,1,37,2
0.0,0.2,0,37,2
0.0,0.3,0,37,2
0.0,0.1,0,4,2
0.0,0.6,0,46,2
0.0,0.2,0,4,2
0.0,0.8,0,37,2
0.0,0.2,0,4,2
0.0,0.2,1,37,2
0.0,1.4,0,4,2
0.0,1.4,0,4,2
0.0,0.3,0,37,2
0.0,0.5,0,4,2
0.0,0.1,0,37,2
0.0,0.1,1,4,2
0.0,0.2,0,4,2
0.0,0.4,0,4,2
0.0,0.2,0,4,2
0.0,0.2,0,4,2
0.0,0.1,0,4,2
0.0,0.1,0,4,2
0.0,0.3,0,4,2
0.0,0.4,0,4,2
0.0,0.3,0,4,2
0.0,0.1,0,37,2
0.0,0.4,0,20,2
0.0,2.0,1,37,2
0.0,0.1,0,4,2
0.0,0.1,0,4,2
0.0,0.1,1,4,2
0.0,0.1,1,4,2
0.0,0.2,0,4,2
0.0,0.4,0,4,2
0.0,0.1,0,4,2
0.0,0.1,0,37,2
0.0,0.2,0,4,2
0.0,0.2,0,4,2
0.0,0.2,0,4,2
0.0,0.2,0,4,2
0.0,0.3,0,20,2
0.0,0.3,0,4,2
0.0,0.1,0,4,2
0.0,0.2,0,4,2
0.0,0.2,0,4,2
0.0,0.1,0,4,2
0.0,0.5,0,4,2
0.0,0.1,0,4,2
0.0,0.2,0,4,2
0.0,0.1,0,46,2
0.0,0.1,0,4,2
0.0,0.2,0,4,2
0.0,0.1,0,4,2
0.0,0.1,0,4,2
0.0,0.1,0,37,2
0.0,0.2,0,37,2
0.0,0.2,0,37,2
0.0,0.1,0,4,2
0.0,0.2,0,4,2
0.0,0.1,0,4,2
0.0,0.2,0,4,2
0.0,0.3,0,37,2
0.0,0.2,0,37,2
0.0,0.2,0,46,2
0.0,0.2,0,4,2
0.0,0.2,0,4,2
0.0,0.2,0,4,2
0.0,0.1,0,4,2
0.0,0.1,0,4,2
0.0,0.1,0,31,2
0.0,0.1,0,46,2
0.0,0.1,1,31,2
0.0,0.1,0,4,2
0.0,0.2,0,46,2
0.0,0.2,0,20,2
0.0,0.4,0,46,2
0.0,0.2,0,37,2
0.0,0.1,0,4,2
0.0,0.1,0,31,2
0.0,1.5,0,49,2
0.0,0.8,0,31,2
0.0,0.1,0,4,2
0.0,0.1,0,4,2
0.0,0.7,0,31,2
0.0,0.1,0,4,2
0.0,1.4,0,31,2
0.0,0.7,0,31,2
0.1,0.7,0,31,2
0.0,1.0,0,31,2
0.0,0.8,0,31,2
0.0,0.1,0,20,2
0.0,0.1,0,20,2
0.0,0.2,0,4,2
0.0,0.1,1,4,2
0.0,0.2,0,4,2
0.0,0.1,0,4,2
0.0,0.1,0,4,2
0.0,0.1,0,4,2
0.0,0.1,0,4,2
0.0,0.6,0,4,2
0.0,0.1,1,37,2
0.0,0.1,0,20,2
0.0,0.3,0,37,2
0.0,0.2,0,4,2
0.0,0.2,1,4,2
0.0,0.2,0,4,2
0.0,0.1,0,4,2
0.0,0.1,0,4,2
0.0,0.1,0,4,2
0.0,0.9,0,4,2
0.0,0.3,0,4,2
0.0,0.2,0,20,2
0.0,0.8,0,4,2
0.0,0.7,0,4,2
0.0,0.8,0,4,2
0.0,0.7,0,4,2
0.0,0.0,0,37,2
0.0,0.2,0,4,2
0.0,0.1,0,4,2
0.0,0.1,0,4,2
0.0,0.2,0,4,2
0.0,0.2,0,4,2
0.0,0.2,0,4,2
0.0,0.4,0,4,2
0.0,0.4,0,4,2
0.0,0.3,0,4,2
0.0,0.7,0,37,2
0.0,0.3,0,37,2
0.0,0.2,0,46,2
0.0,0.1,0,4,2
0.0,0.1,0,4,2
0.0,0.3,0,4,2
0.0,0.2,0,4,2
0.0,0.1,0,20,2
0.0,0.2,0,4,2
0.0,0.4,0,4,2
0.0,0.7,0,4,2
0.0,0.2,0,4,2
0.0,0.3,0,31,2
0.0,0.4,0,31,2
0.0,0.3,0,4,2
0.0,0.3,0,4,2
0.0,0.3,0,4,2
0.0,0.3,0,4,2
0.0,0.3,0,4,2
0.0,0.3,0,4,2
0.0,0.3,0,4,2
0.0,0.1,0,4,2
0.0,0.3,0,4,2
0.0,0.4,0,4,2
0.0,0.2,0,4,2
0.0,0.1,1,37,2
8.2,9.3,0,47,1
0.0,0.1,0,31,2
0.1,0.7,0,31,2
0.0,0.2,0,4,2
48.1,0.7,0,31,2
0.0,0.5,0,4,2
0.0,0.2,0,4,2
0.0,0.0,1,20,5
1.0,0.2,1,37,2
0.0,0.0,1,4,2
0.0,0.2,1,37,2
0.0,0.1,1,20,2
0.0,0.3,1,37,2
0.0,0.1,1,50,2
0.0,0.2,1,4,2
0.0,0.1,0,4,2
0.0,0.2,1,4,2
0.0,0.2,1,37,2
0.0,0.1,1,37,2
0.4,0.2,1,37,2
0.0,0.1,1,37,2
0.0,0.2,1,37,2
0.0,1.0,1,50,2
0.0,0.3,1,20,2
0.0,0.1,0,4,2
0.0,0.1,1,4,2
0.0,0.1,1,37,2
0.0,0.3,1,4,2
0.0,0.4,1,4,2
0.0,0.2,1,37,2
0.0,0.3,1,37,2
0.0,0.1,1,4,2
0.8,0.1,1,4,2
0.0,0.1,0,37,2
0.0,0.1,1,37,2
0.0,0.1,0,37,2
0.0,0.2,0,4,2
0.0,0.1,1,20,2
0.0,0.1,0,20,2
0.0,0.1,1,4,2
0.0,0.6,0,63,2
0.0,0.1,1,37,2
0.0,0.1,1,4,2
0.0,0.1,1,37,2
0.0,0.1,1,47,2
0.8,0.1,0,63,2
0.0,0.2,1,37,2
0.0,0.2,1,61,2
0.0,0.2,1,37,2
0.3,0.0,1,37,2
0.0,0.1,0,37,2
0.0,0.0,1,4,2
0.0,0.1,1,4,2
0.0,0.1,1,37,2
0.0,0.1,1,37,2
0.0,0.1,1,4,2
0.0,0.2,1,37,2
0.0,0.2,0,63,2
0.0,0.1,0,4,2
40.7,0.3,1,37,1
0.0,0.1,1,4,2
0.0,0.1,0,4,2
0.0,0.1,0,37,2
0.0,0.1,1,37,2
0.0,0.3,1,4,2
2.4,0.9,0,79,2
0.0,0.1,1,4,2
0.0,0.1,0,4,2
0.0,0.2,0,37,2
0.0,0.1,1,20,2
0.0,0.1,1,4,2
0.0,0.1,1,37,2
0.0,0.1,1,4,2
0.0,0.1,1,4,2
0.0,0.5,1,20,2
0.3,5.2,1,20,2
48.3,0.5,1,20,2
0.0,0.1,1,37,2
0.0,0.1,1,4,2
0.0,0.2,1,4,2
0.0,0.1,1,20,2
0.0,0.1,0,4,2
0.0,0.2,1,4,2
0.0,0.2,1,4,2
0.0,0.2,0,4,2
0.0,0.1,0,4,2
0.0,0.1,0,50,2
0.0,0.2,0,4,2
0.0,0.1,1,37,2
0.0,0.1,1,4,2
0.0,0.1,1,4,2
0.0,0.0,0,4,2
0.0,0.1,0,4,2
0.0,0.1,0,4,2
0.0,0.1,1,97,2
0.0,1.5,1,37,2
0.0,0.1,1,63,2
0.0,0.1,1,4,2
0.0,0.0,1,37,2
0.0,0.1,1,4,2
0.0,0.1,0,4,2
0.0,0.1,1,4,2
0.0,0.1,1,4,2
0.0,0.1,1,20,2
0.0,0.1,1,4,2
0.0,0.1,1,4,2
0.0,0.1,1,4,2
0.0,0.1,1,63,2
0.0,0.1,1,4,2
0.0,0.1,1,61,2
0.0,0.0,1,4,2
0.0,0.1,0,37,2
0.0,0.1,1,4,2
0.0,0.1,1,4,2
0.0,0.1,1,4,2
0.0,0.3,1,37,2
0.0,0.1,0,4,2
0.0,0.0,0,37,2
0.0,0.1,1,20,2
0.0,0.1,1,37,2
0.0,0.1,1,20,2
0.0,0.0,0,4,2
0.0,0.4,0,37,2
0.0,0.1,0,37,2
0.0,0.2,0,61,2
0.0,0.4,0,37,2
0.0,0.1,0,4,2
0.0,0.5,0,4,2
0.0,3.5,0,61,2
0.0,0.1,0,4,2
0.0,0.4,0,47,2
0.0,0.2,0,37,2
0.0,0.5,0,47,2
16.6,0.9,0,47,2
0.0,0.1,0,37,2
0.0,0.3,0,37,2
0.0,0.5,0,47,2
0.0,0.2,0,4,2
0.0,0.3,0,20,2
0.0,0.5,0,4,2
0.0,0.2,0,4,2
0.0,0.5,0,20,2
0.0,0.2,0,4,2
0.0,0.2,0,4,2
0.0,0.3,0,4,2
0.0,0.4,0,4,2
0.0,0.2,0,37,2
0.0,0.6,0,4,2
0.0,0.2,0,4,2
0.0,0.2,0,4,2
0.0,0.2,0,4,2
0.0,0.1,0,4,2
0.0,0.4,0,37,2
0.0,0.2,0,4,2
0.0,0.3,0,46,2
0.0,0.1,1,37,2
0.0,0.2,0,37,2
0.0,0.3,0,37,2
0.0,0.1,0,4,2
0.0,0.6,0,46,2
0.0,0.2,0,4,2
0.0,0.8,0,37,2
0.0,0.2,0,4,2
0.0,0.2,1,37,2
0.0,1.4,0,4,2
0.0,1.4,0,4,2
0.0,0.3,0,37,2
0.0,0.5,0,4,2
0.0,0.1,0,37,2
0.0,0.1,1,4,2
0.0,0.2,0,4,2
0.0,0.4,0,4,2
0.0,0.2,0,4,2
0.0,0.2,0,4,2
0.0,0.1,0,4,2
0.0,0.1,0,4,2
0.0,0.3,0,4,2
0.0,0.4,0,4,2
0.0,0.3,0,4,2
0.0,0.1,0,37,2
0.0,0.4,0,20,2
0.0,2.0,1,37,2
0.0,0.1,0,4,2
0.0,0.1,0,4,2
0.0,0.1,1,4,2
0.0,0.1,1,4,2
0.0,0.2,0,4,2
0.0,0.4,0,4,2
0.0,0.1,0,4,2
0.0,0.1,0,37,2
0.0,0.2,0,4,2
0.0,0.2,0,4,2
0.0,0.2,0,4,2
0.0,0.2,0,4,2
0.0,0.3,0,20,2
0.0,0.3,0,4,2
0.0,0.1,0,4,2
0.0,0.2,0,4,2
0.0,0.2,0,4,2
0.0,0.1,0,4,2
0.0,0.5,0,4,2
0.0,0.1,0,4,2
0.0,0.2,0,4,2
0.0,0.1,0,46,2
0.0,0.1,0,4,2
0.0,0.2,0,4,2
0.0,0.1,0,4,2
0.0,0.1,0,4,2
0.0,0.1,0,37,2
0.0,0.2,0,37,2
0.0,0.2,0,37,2
0.0,0.1,0,4,2
0.0,0.2,0,4,2
0.0,0.1,0,4,2
0.0,0.2,0,4,2
0.0,0.3,0,37,2
0.0,0.2,0,37,2
0.0,0.2,0,46,2
0.0,0.2,0,4,2
0.0,0.2,0,4,2
0.0,0.2,0,4,2
0.0,0.1,0,4,2
0.0,0.1,0,4,2
0.0,0.1,0,31,2
0.0,0.1,0,46,2
0.0,0.1,1,31,2
0.0,0.1,0,4,2
0.0,0.2,0,46,2
0.0,0.2,0,20,2
0.0,0.4,0,46,2
0.0,0.2,0,37,2
0.0,0.1,0,4,2
0.0,0.1,0,31,2
0.0,1.5,0,49,2
0.0,0.8,0,31,2
0.0,0.1,0,4,2
0.0,0.1,0,4,2
0.0,0.7,0,31,2
0.0,0.1,0,4,2
0.0,1.4,0,31,2
0.0,0.7,0,31,2
0.1,0.7,0,31,2
0.0,1.0,0,31,2
0.0,0.8,0,31,2
0.0,0.1,0,20,2
0.0,0.1,0,20,2
0.0,0.2,0,4,2
0.0,0.1,1,4,2
0.0,0.2,0,4,2
0.0,0.1,0,4,2
0.0,0.1,0,4,2
0.0,0.1,0,4,2
0.0,0.1,0,4,2
0.0,0.6,0,4,2
0.0,0.1,1,37,2
0.0,0.1,0,20,2
0.0,0.3,0,37,2
0.0,0.2,0,4,2
0.0,0.2,1,4,2
0.0,0.2,0,4,2
0.0,0.1,0,4,2
0.0,0.1,0,4,2
0.0,0.1,0,4,2
0.0,0.9,0,4,2
0.0,0.3,0,4,2
0.0,0.2,0,20,2
0.0,0.8,0,4,2
0.0,0.7,0,4,2
0.0,0.8,0,4,2
0.0,0.7,0,4,2
0.0,0.0,0,37,2
0.0,0.2,0,4,2
0.0,0.1,0,4,2
0.0,0.1,0,4,2
0.0,0.2,0,4,2
0.0,0.2,0,4,2
0.0,0.2,0,4,2
0.0,0.4,0,4,2
0.0,0.4,0,4,2
0.0,0.3,0,4,2
0.0,0.7,0,37,2
0.0,0.3,0,37,2
0.0,0.2,0,46,2
0.0,0.1,0,4,2
0.0,0.1,0,4,2
0.0,0.3,0,4,2
0.0,0.2,0,4,2
0.0,0.1,0,20,2
0.0,0.2,0,4,2
0.0,0.4,0,4,2
0.0,0.7,0,4,2
0.0,0.2,0,4,2
0.0,0.3,0,31,2
0.0,0.4,0,31,2
0.0,0.3,0,4,2
0.0,0.3,0,4,2
0.0,0.3,0,4,2
0.0,0.3,0,4,2
0.0,0.3,0,4,2
0.0,0.3,0,4,2
0.0,0.3,0,4,2
0.0,0.1,0,4,2
0.0,0.3,0,4,2
0.0,0.4,0,4,2
0.0,0.2,0,4,2
0.0,0.1,1,37,2
125.9,9.4,0,47,1
0.0,0.1,0,31,2
0.1,0.7,0,31,2
0.0,0.2,0,4,2
45.0,0.7,0,31,2
0.0,0.5,0,4,2
0.0,0.2,0,4,2
0.0,0.0,1,20,5
1.0,0.2,1,37,2
0.0,0.0,1,4,2
0.0,0.2,1,37,2
0.0,0.1,1,20,2
0.0,0.3,1,37,2
0.0,0.1,1,50,2
0.0,0.2,1,4,2
0.0,0.1,0,4,2
0.0,0.2,1,4,2
0.0,0.2,1,37,2
0.0,0.1,1,37,2
0.0,0.2,1,37,2
0.0,0.1,1,37,2
0.0,0.2,1,37,2
0.0,1.0,1,50,2
0.0,0.3,1,20,2
0.0,0.1,0,4,2
0.0,0.1,1,4,2
0.0,0.1,1,37,2
0.0,0.3,1,4,2
0.1,0.4,1,4,2
0.0,0.2,1,37,2
0.0,0.3,1,37,2
0.0,0.1,1,4,2
0.0,0.1,1,4,2
0.0,0.1,0,37,2
0.0,0.1,1,37,2
0.0,0.1,0,37,2
0.0,0.2,0,4,2
0.0,0.1,1,20,2
0.0,0.1,0,20,2
0.0,0.1,1,4,2
0.0,0.6,0,63,2
0.0,0.1,1,37,2
0.0,0.1,1,4,2
0.0,0.1,1,37,2
0.2,0.1,1,47,2
1.8,0.1,0,63,2
0.0,0.2,1,37,2
0.0,0.2,1,61,2
0.0,0.2,1,37,2
0.1,0.0,1,37,2
0.0,0.1,0,37,2
0.0,0.0,1,4,2
0.0,0.1,1,4,2
0.0,0.1,1,37,2
0.0,0.1,1,37,2
0.0,0.1,1,4,2
0.0,0.2,1,37,2
0.0,0.2,0,63,2
0.0,0.1,0,4,2
43.9,0.3,1,37,2
0.0,0.1,1,4,2
0.0,0.1,0,4,2
0.0,0.1,0,37,2
0.0,0.1,1,37,2
0.0,0.3,1,4,2
0.7,0.9,0,79,2
0.0,0.1,1,4,2
0.0,0.1,0,4,2
0.0,0.2,0,37,2
0.0,0.1,1,20,2
0.1,0.1,1,4,2
0.0,0.1,1,37,2
0.0,0.1,1,4,2
0.0,0.1,1,4,2
0.0,0.5,1,20,2
0.0,5.2,1,20,1
51.3,0.5,1,20,2
0.0,0.1,1,37,2
0.0,0.1,1,4,2
0.0,0.2,1,4,2
0.0,0.1,1,20,2
0.0,0.1,0,4,2
0.0,0.2,1,4,2
0.0,0.2,1,4,2
0.0,0.2,0,4,2
0.0,0.1,0,4,2
0.0,0.1,0,50,2
0.0,0.2,0,4,2
0.0,0.1,1,37,2
0.0,0.1,1,4,2
0.0,0.1,1,4,2
0.0,0.0,0,4,2
0.0,0.1,0,4,2
0.0,0.1,0,4,2
0.0,0.1,1,97,2
0.0,1.5,1,37,2
0.0,0.1,1,63,2
0.0,0.1,1,4,2
0.0,0.0,1,37,2
0.0,0.1,1,4,2
0.0,0.1,0,4,2
0.0,0.1,1,4,2
0.0,0.1,1,4,2
0.0,0.1,1,20,2
0.0,0.1,1,4,2
0.0,0.1,1,4,2
0.0,0.1,1,4,2
0.0,0.1,1,63,2
0.0,0.1,1,4,2
0.0,0.1,1,61,2
0.0,0.0,1,4,2
0.0,0.1,0,37,2
0.0,0.1,1,4,2
0.0,0.1,1,4,2
0.0,0.1,1,4,2
0.0,0.3,1,37,2
0.0,0.1,0,4,2
0.0,0.0,0,37,2
0.0,0.1,1,20,2
0.0,0.1,1,37,2
0.0,0.1,1,20,2
0.0,0.0,0,4,2
0.0,0.4,0,37,2
0.0,0.1,0,37,2
0.0,0.2,0,61,2
0.0,0.4,0,37,2
0.0,0.1,0,4,2
0.0,0.5,0,4,2
0.0,3.5,0,61,2
0.0,0.1,0,4,2
0.0,0.4,0,47,2
0.0,0.2,0,37,2
0.0,0.5,0,47,2
6.3,0.9,0,47,1
0.0,0.1,0,37,2
0.0,0.3,0,37,2
0.0,0.5,0,47,2
0.0,0.2,0,4,2
0.0,0.3,0,20,2
0.0,0.5,0,4,2
0.0,0.2,0,4,2
0.0,0.5,0,20,2
0.0,0.2,0,4,2
0.0,0.2,0,4,2
0.0,0.3,0,4,2
0.0,0.4,0,4,2
0.0,0.2,0,37,2
0.0,0.6,0,4,2
0.0,0.2,0,4,2
0.0,0.2,0,4,2
0.0,0.2,0,4,2
0.0,0.1,0,4,2
0.0,0.4,0,37,2
0.0,0.2,0,4,2
0.0,0.3,0,46,2
0.0,0.1,1,37,2
0.0,0.2,0,37,2
0.0,0.3,0,37,2
0.0,0.1,0,4,2
0.0,0.6,0,46,2
0.0,0.2,0,4,2
0.0,0.8,0,37,2
0.0,0.2,0,4,2
0.0,0.2,1,37,2
0.0,1.4,0,4,2
0.0,1.4,0,4,2
0.0,0.3,0,37,2
0.0,0.5,0,4,2
0.0,0.1,0,37,2
0.0,0.1,1,4,2
0.0,0.2,0,4,2
0.0,0.4,0,4,2
0.0,0.2,0,4,2
0.0,0.2,0,4,2
0.0,0.1,0,4,2
0.0,0.1,0,4,2
0.0,0.3,0,4,2
0.0,0.4,0,4,2
0.0,0.3,0,4,2
0.0,0.1,0,37,2
0.0,0.4,0,20,2
0.0,2.0,1,37,2
0.0,0.1,0,4,2
0.0,0.1,0,4,2
0.0,0.1,1,4,2
0.0,0.1,1,4,2
0.0,0.2,0,4,2
0.0,0.4,0,4,2
0.0,0.1,0,4,2
0.0,0.1,0,37,2
0.0,0.2,0,4,2
0.0,0.2,0,4,2
0.0,0.2,0,4,2
0.0,0.2,0,4,2
0.0,0.3,0,20,2
0.0,0.3,0,4,2
0.0,0.1,0,4,2
0.0,0.2,0,4,2
0.0,0.2,0,4,2
0.0,0.1,0,4,2
0.0,0.5,0,4,2
0.0,0.1,0,4,2
0.0,0.2,0,4,2
0.0,0.1,0,46,2
0.0,0.1,0,4,2
0.0,0.2,0,4,2
0.0,0.1,0,4,2
0.0,0.1,0,4,2
0.0,0.1,0,37,2
0.0,0.2,0,37,2
0.0,0.2,0,37,2
0.0,0.1,0,4,2
0.0,0.2,0,4,2
0.0,0.1,0,4,2
0.0,0.2,0,4,2
0.0,0.3,0,37,2
0.0,0.2,0,37,2
0.0,0.2,0,46,2
0.0,0.2,0,4,2
0.0,0.2,0,4,2
0.0,0.2,0,4,2
0.0,0.1,0,4,2
0.0,0.1,0,4,2
0.0,0.1,0,31,2
0.0,0.1,0,46,2
0.0,0.1,1,31,2
0.0,0.1,0,4,2
0.0,0.2,0,46,2
0.0,0.2,0,20,2
0.0,0.4,0,46,2
0.0,0.2,0,37,2
0.0,0.1,0,4,2
0.0,0.1,0,31,2
0.0,1.5,0,49,2
0.0,0.8,0,31,2
0.0,0.1,0,4,2
0.0,0.1,0,4,2
0.0,0.7,0,31,2
0.0,0.1,0,4,2
0.0,1.4,0,31,2
0.0,0.7,0,31,2
0.1,0.7,0,31,2
0.0,1.0,0,31,2
0.0,0.8,0,31,2
0.0,0.1,0,20,2
0.0,0.1,0,20,2
0.0,0.2,0,4,2
0.0,0.1,1,4,2
0.0,0.2,0,4,2
0.0,0.1,0,4,2
0.0,0.1,0,4,2
0.0,0.1,0,4,2
0.0,0.1,0,4,2
0.0,0.6,0,4,2
0.0,0.1,1,37,2
0.0,0.1,0,20,2
0.0,0.3,0,37,2
0.0,0.2,0,4,2
0.0,0.2,1,4,2
0.0,0.2,0,4,2
0.0,0.1,0,4,2
0.0,0.1,0,4,2
0.0,0.1,0,4,2
0.0,0.9,0,4,2
0.0,0.3,0,4,2
0.0,0.2,0,20,2
0.0,0.8,0,4,2
0.0,0.7,0,4,2
0.0,0.8,0,4,2
0.0,0.7,0,4,2
0.0,0.0,0,37,2
0.0,0.2,0,4,2
0.0,0.1,0,4,2
0.0,0.1,0,4,2
0.0,0.2,0,4,2
0.0,0.2,0,4,2
0.0,0.2,0,4,2
0.0,0.4,0,4,2
0.0,0.4,0,4,2
0.0,0.3,0,46,2
0.0,0.7,0,37,2
0.0,0.3,0,37,2
0.0,0.2,0,46,2
0.0,0.1,0,4,2
0.0,0.1,0,4,2
0.0,0.3,0,4,2
0.0,0.2,0,4,2
0.0,0.1,0,20,2
0.0,0.2,0,4,2
0.0,0.4,0,4,2
0.0,0.7,0,4,2
0.0,0.2,0,4,2
0.0,0.3,0,31,2
0.0,0.4,0,31,2
0.0,0.3,0,4,2
0.0,0.3,0,4,2
0.0,0.3,0,4,2
0.0,0.3,0,4,2
0.0,0.3,0,4,2
0.0,0.3,0,4,2
0.0,0.3,0,4,2
0.0,0.1,0,4,2
0.0,0.3,0,4,2
0.0,0.4,0,4,2
0.0,0.2,0,4,2
0.0,0.1,1,37,2
2.5,9.4,0,46,2
0.0,0.1,0,31,2
0.1,0.7,0,31,2
0.0,0.2,0,4,2
48.1,0.7,0,31,2
0.0,0.5,0,4,2
0.0,0.2,0,4,2
0.0,0.2,0,4,2
0.0,0.0,1,20,5
0.9,0.2,1,37,2
0.0,0.0,1,4,2
0.0,0.2,1,37,2
0.0,0.1,1,20,2
0.0,0.3,1,37,2
0.1,0.1,1,50,2
0.0,0.2,1,4,2
0.0,0.1,0,4,2
0.0,0.2,1,4,2
0.0,0.2,1,37,2
0.0,0.1,1,37,2
0.4,0.2,1,37,2
0.0,0.1,1,37,2
0.0,0.2,1,37,2
0.1,1.0,1,50,2
0.0,0.3,1,20,2
0.0,0.1,0,4,2
0.0,0.1,1,4,2
0.0,0.1,1,37,2
0.0,0.3,1,4,2
0.0,0.4,1,4,2
0.0,0.2,1,37,2
0.0,0.3,1,37,2
0.0,0.1,1,4,2
0.0,0.1,1,4,2
0.0,0.1,0,37,2
0.0,0.1,1,37,2
0.0,0.1,0,37,2
0.0,0.2,0,4,2
0.0,0.1,1,20,2
0.0,0.1,0,20,2
0.0,0.1,1,4,2
0.0,0.6,0,63,2
0.0,0.1,1,37,2
0.0,0.1,1,4,2
0.0,0.1,1,37,2
0.0,0.1,1,47,2
0.0,0.1,0,63,2
0.0,0.2,1,37,2
0.0,0.2,1,61,2
0.0,0.2,1,37,2
0.1,0.0,1,37,2
0.0,0.1,0,37,2
0.0,0.0,1,4,2
0.0,0.1,1,4,2
0.0,0.1,1,37,2
0.0,0.1,1,37,2
0.0,0.1,1,4,2
0.0,0.2,1,37,2
0.0,0.2,0,63,2
0.0,0.1,0,4,2
43.6,0.3,1,4,1
0.0,0.1,1,4,2
0.0,0.1,0,4,2
0.0,0.1,0,37,2
0.0,0.1,1,37,2
0.0,0.3,1,4,2
1.7,0.9,0,79,2
0.0,0.1,1,4,2
0.0,0.1,0,4,2
0.0,0.2,0,4,2
0.0,0.1,1,20,2
0.1,0.1,1,4,2
0.0,0.1,1,37,2
0.0,0.1,1,4,2
0.0,0.1,1,4,2
0.0,0.5,1,20,2
0.9,5.2,1,20,2
49.4,0.5,1,20,1
0.0,0.1,1,37,2
0.0,0.1,1,4,2
0.0,0.2,1,4,2
0.0,0.1,1,20,2
0.0,0.1,0,4,2
0.0,0.2,1,4,2
0.0,0.2,1,4,2
0.0,0.2,0,4,2
0.0,0.1,0,4,2
0.0,0.1,0,50,2
0.0,0.2,0,4,2
0.0,0.1,1,37,2
0.0,0.1,1,4,2
0.0,0.1,1,4,2
0.0,0.0,0,4,2
0.0,0.1,0,4,2
0.0,0.1,0,4,2
0.0,0.1,1,97,2
0.0,1.5,1,37,2
0.0,0.1,1,63,2
0.0,0.1,1,4,2
0.0,0.0,1,37,2
0.0,0.1,1,4,2
0.0,0.1,0,4,2
0.0,0.1,1,4,2
0.0,0.1,1,4,2
0.0,0.1,1,20,2
0.0,0.1,1,4,2
0.0,0.1,1,4,2
0.0,0.1,1,4,2
0.0,0.1,1,63,2
0.0,0.1,1,4,2
0.0,0.1,1,61,2
0.0,0.0,1,4,2
0.0,0.1,0,37,2
0.0,0.1,1,4,2
0.0,0.1,1,4,2
0.0,0.1,1,4,2
0.0,0.3,1,37,2
0.0,0.1,0,4,2
0.0,0.0,0,37,2
0.0,0.1,1,20,2
0.0,0.1,1,37,2
0.0,0.1,1,20,2
0.0,0.0,0,4,2
0.0,0.4,0,37,2
0.0,0.1,0,37,2
0.0,0.2,0,61,2
0.0,0.4,0,37,2
0.0,0.1,0,4,2
0.0,0.5,0,4,2
0.0,3.5,0,61,2
0.0,0.1,0,4,2
0.0,0.4,0,47,2
0.0,0.2,0,37,2
0.0,0.5,0,47,2
5.3,0.9,0,47,2
0.0,0.1,0,37,2
0.0,0.3,0,37,2
0.0,0.5,0,47,2
0.0,0.2,0,4,2
0.0,0.3,0,20,2
0.0,0.5,0,4,2
0.0,0.2,0,4,2
0.0,0.5,0,20,2
0.0,0.2,0,4,2
0.0,0.2,0,4,2
0.0,0.3,0,4,2
0.0,0.4,0,4,2
0.0,0.2,0,37,2
0.0,0.6,0,4,2
0.0,0.2,0,4,2
0.0,0.2,0,4,2
0.0,0.2,0,4,2
0.0,0.1,0,4,2
0.0,0.4,0,37,2
0.0,0.2,0,4,2
0.0,0.3,0,46,2
0.0,0.1,1,37,2
0.0,0.2,0,37,2
0.0,0.3,0,37,2
0.0,0.1,0,4,2
0.0,0.6,0,46,2
0.0,0.2,0,4,2
0.0,0.8,0,37,2
0.0,0.2,0,4,2
0.0,0.2,1,37,2
0.0,1.4,0,4,2
0.0,1.4,0,4,2
0.0,0.3,0,37,2
0.0,0.5,0,4,2
0.0,0.1,0,37,2
0.0,0.1,1,4,2
0.0,0.2,0,4,2
0.0,0.4,0,4,2
0.0,0.2,0,4,2
0.0,0.2,0,4,2
0.0,0.1,0,4,2
0.0,0.1,0,4,2
0.0,0.3,0,4,2
0.0,0.4,0,4,2
0.0,0.3,0,4,2
0.0,0.1,0,37,2
0.0,0.4,0,20,2
0.0,2.0,1,37,2
0.0,0.1,0,4,2
0.0,0.1,0,4,2
0.0,0.1,1,4,2
0.0,0.1,1,4,2
0.0,0.2,0,4,2
0.0,0.4,0,4,2
0.0,0.1,0,4,2
0.0,0.1,0,37,2
0.0,0.2,0,4,2
0.0,0.2,0,4,2
0.0,0.2,0,4,2
0.0,0.2,0,4,2
0.0,0.3,0,20,2
0.0,0.3,0,4,2
0.0,0.1,0,4,2
0.0,0.2,0,4,2
0.0,0.2,0,4,2
0.0,0.1,0,4,2
0.0,0.5,0,4,2
0.0,0.1,0,4,2
0.0,0.2,0,4,2
0.0,0.1,0,46,2
0.0,0.1,0,4,2
0.0,0.2,0,4,2
0.0,0.1,0,4,2
0.0,0.1,0,4,2
0.0,0.1,0,37,2
0.0,0.2,0,37,2
0.0,0.2,0,37,2
0.0,0.1,0,4,2
0.0,0.2,0,4,2
0.0,0.1,0,4,2
0.0,0.2,0,4,2
0.1,0.3,0,37,2
0.0,0.2,0,37,2
0.0,0.2,0,46,2
0.0,0.2,0,4,2
0.0,0.2,0,4,2
0.0,0.2,0,4,2
0.0,0.1,0,4,2
0.0,0.1,0,4,2
0.0,0.1,0,31,2
0.0,0.1,0,46,2
0.0,0.1,1,31,2
0.0,0.1,0,4,2
0.0,0.2,0,46,2
0.0,0.2,0,20,2
0.0,0.4,0,46,2
0.0,0.2,0,37,2
0.0,0.1,0,4,2
0.0,0.1,0,31,2
0.0,1.5,0,49,2
0.0,0.8,0,31,2
0.0,0.1,0,4,2
0.0,0.1,0,4,2
0.0,0.7,0,31,2
0.0,0.1,0,4,2
0.0,1.4,0,31,2
0.0,0.7,0,31,2
0.1,0.7,0,31,2
0.0,1.0,0,31,2
0.0,0.8,0,31,2
0.0,0.1,0,20,2
0.0,0.1,0,20,2
0.0,0.2,0,4,2
0.0,0.1,1,4,2
0.0,0.2,0,4,2
0.0,0.1,0,4,2
0.0,0.1,0,4,2
0.0,0.1,0,4,2
0.0,0.1,0,4,2
0.0,0.6,0,4,2
0.0,0.1,1,37,2
0.0,0.1,0,20,2
0.0,0.3,0,37,2
0.0,0.2,0,4,2
0.0,0.2,1,4,2
0.0,0.2,0,4,2
0.0,0.1,0,4,2
0.0,0.1,0,4,2
0.0,0.1,0,4,2
0.0,0.9,0,4,2
0.0,0.3,0,4,2
0.0,0.2,0,20,2
0.0,0.8,0,4,2
0.0,0.7,0,4,2
0.0,0.8,0,4,2
0.0,0.7,0,4,2
0.0,0.0,0,37,2
0.0,0.2,0,4,2
0.0,0.1,0,4,2
0.0,0.1,0,4,2
0.0,0.2,0,4,2
0.0,0.2,0,4,2
0.0,0.2,0,4,2
0.0,0.4,0,4,2
0.0,0.4,0,4,2
0.0,0.3,0,46,2
0.0,0.7,0,37,2
0.0,0.3,0,37,2
0.0,0.2,0,46,2
0.0,0.1,0,4,2
0.0,0.1,0,4,2
0.0,0.3,0,4,2
0.0,0.2,0,4,2
0.0,0.1,0,20,2
0.0,0.2,0,4,2
0.0,0.4,0,4,2
0.0,0.7,0,4,2
0.0,0.2,0,4,2
0.0,0.3,0,31,2
0.0,0.4,0,31,2
0.0,0.3,0,4,2
0.0,0.3,0,4,2
0.0,0.3,0,4,2
0.0,0.3,0,4,2
0.0,0.3,0,4,2
0.0,0.3,0,4,2
0.0,0.3,0,4,2
0.0,0.1,0,4,2
0.0,0.3,0,4,2
0.0,0.4,0,4,2
0.0,0.2,0,4,2
0.0,0.1,1,37,2
2.9,9.4,0,46,2
0.0,0.1,0,31,2
0.1,0.7,0,31,2
0.0,0.2,0,4,2
48.1,0.7,0,31,2
0.0,0.5,0,4,2
0.0,0.2,0,4,2
0.0,0.0,1,20,5
0.0,0.0,1,20,5
1.0,0.2,1,37,2
0.0,0.0,1,4,2
0.0,0.2,1,37,2
0.0,0.1,1,20,2
0.0,0.3,1,37,2
0.0,0.1,1,50,2
0.0,0.2,1,4,2
0.0,0.1,0,4,2
0.0,0.2,1,4,2
0.0,0.2,1,37,2
0.0,0.1,1,37,2
0.3,0.2,1,37,2
0.0,0.1,1,37,2
0.0,0.2,1,37,2
0.0,1.0,1,50,2
0.0,0.3,1,20,2
0.0,0.1,0,4,2
0.0,0.1,1,4,2
0.0,0.1,1,37,2
0.0,0.3,1,4,2
0.0,0.4,1,4,2
0.0,0.2,1,37,2
0.0,0.3,1,37,2
0.0,0.1,1,4,2
0.0,0.1,1,4,2
0.0,0.1,0,37,2
0.0,0.1,1,37,2
0.0,0.1,0,37,2
0.0,0.2,0,4,2
0.0,0.1,1,20,2
0.0,0.1,0,20,2
0.0,0.1,1,4,2
0.0,0.6,0,63,2
0.0,0.1,1,37,2
0.0,0.1,1,4,2
0.0,0.1,1,37,2
0.0,0.1,1,47,2
0.0,0.1,0,63,2
0.0,0.2,1,37,2
0.0,0.2,1,61,2
0.0,0.2,1,37,2
0.1,0.0,1,37,2
0.0,0.1,0,37,2
0.0,0.0,1,4,2
0.0,0.1,1,4,2
0.0,0.1,1,37,2
0.0,0.1,1,37,2
0.0,0.1,1,4,2
0.0,0.2,1,37,2
0.0,0.2,0,63,2
0.0,0.1,0,4,2
43.4,0.3,1,37,2
0.0,0.1,1,4,2
0.0,0.1,0,4,2
0.0,0.1,0,37,2
0.0,0.1,1,37,2
0.0,0.3,1,4,2
3.2,0.9,0,79,2
0.0,0.1,1,4,2
0.0,0.1,0,4,2
0.0,0.2,0,37,2
0.0,0.1,1,20,2
0.0,0.1,1,4,2
0.0,0.1,1,37,2
0.0,0.1,1,4,2
0.0,0.1,1,4,2
0.0,0.5,1,20,2
0.0,5.2,1,20,2
49.8,0.5,1,20,2
0.0,0.1,1,37,2
0.0,0.1,1,4,2
0.0,0.2,1,4,2
0.0,0.1,1,20,2
0.0,0.1,0,4,2
0.0,0.2,1,4,2
0.0,0.2,1,4,2
0.0,0.2,0,4,2
0.0,0.1,0,4,2
0.0,0.1,0,50,2
0.0,0.2,0,4,2
0.0,0.1,1,37,2
0.0,0.1,1,4,2
0.0,0.1,1,4,2
0.0,0.0,0,4,2
0.0,0.1,0,4,2
0.0,0.1,0,4,2
0.0,0.1,1,97,2
0.0,1.5,1,37,2
0.0,0.1,1,63,2
0.0,0.1,1,4,2
0.0,0.0,1,37,2
0.0,0.1,1,4,2
0.0,0.1,0,4,2
0.0,0.1,1,4,2
0.0,0.1,1,4,2
0.0,0.1,1,20,2
0.0,0.1,1,4,2
0.0,0.1,1,4,2
0.0,0.1,1,4,2
0.0,0.1,1,63,2
0.0,0.1,1,4,2
0.0,0.1,1,61,2
0.0,0.0,1,4,2
0.0,0.1,0,37,2
0.0,0.1,1,4,2
0.0,0.1,1,4,2
0.0,0.1,1,4,2
0.0,0.3,1,37,2
0.0,0.1,0,4,2
0.0,0.0,0,37,2
0.0,0.1,1,20,2
0.0,0.1,1,37,2
0.0,0.1,1,20,2
0.0,0.0,0,4,2
0.0,0.4,0,37,2
0.0,0.1,0,37,2
0.0,0.2,0,61,2
0.0,0.4,0,37,2
0.0,0.1,0,4,2
0.0,0.5,0,4,2
0.0,3.5,0,61,2
0.0,0.1,0,4,2
0.0,0.4,0,47,2
0.0,0.2,0,37,2
0.0,0.5,0,47,2
5.9,0.9,0,47,1
0.0,0.1,0,37,2
0.0,0.3,0,37,2
0.0,0.5,0,47,2
0.0,0.2,0,4,2
0.0,0.3,0,20,2
0.0,0.5,0,4,2
0.0,0.2,0,4,2
0.0,0.5,0,20,2
0.0,0.2,0,4,2
0.0,0.2,0,4,2
0.0,0.3,0,4,2
0.0,0.4,0,4,2
0.0,0.2,0,37,2
0.0,0.6,0,4,2
0.0,0.2,0,4,2
0.0,0.2,0,4,2
0.0,0.2,0,4,2
0.0,0.1,0,4,2
0.0,0.4,0,37,2
0.0,0.2,0,4,2
0.0,0.3,0,46,2
0.0,0.1,1,37,2
0.0,0.2,0,37,2
0.0,0.3,0,37,2
0.0,0.1,0,4,2
0.0,0.6,0,46,2
0.0,0.2,0,4,2
0.0,0.8,0,37,2
0.0,0.2,0,4,2
0.0,0.2,1,37,2
0.0,1.4,0,4,2
0.0,1.4,0,4,2
0.0,0.3,0,37,2
0.0,0.5,0,4,2
0.0,0.1,0,37,2
0.0,0.1,1,4,2
0.0,0.2,0,4,2
0.0,0.4,0,4,2
0.0,0.2,0,4,2
0.0,0.2,0,4,2
0.0,0.1,0,4,2
0.0,0.1,0,4,2
0.0,0.3,0,4,2
0.0,0.4,0,4,2
0.0,0.3,0,4,2
0.0,0.1,0,37,2
0.0,0.4,0,20,2
0.0,2.0,1,37,2
0.0,0.1,0,4,2
0.0,0.1,0,4,2
0.0,0.1,1,4,2
0.0,0.1,1,4,2
0.0,0.2,0,4,2
0.0,0.4,0,4,2
0.0,0.1,0,4,2
0.0,0.1,0,37,2
0.0,0.2,0,4,2
0.0,0.2,0,4,2
0.0,0.2,0,4,2
0.0,0.2,0,4,2
0.0,0.3,0,20,2
0.0,0.3,0,4,2
0.0,0.1,0,4,2
0.0,0.2,0,4,2
0.0,0.2,0,4,2
0.0,0.1,0,4,2
0.0,0.5,0,4,2
0.0,0.1,0,4,2
0.0,0.2,0,4,2
0.0,0.1,0,46,2
0.0,0.1,0,4,2
0.0,0.2,0,4,2
0.0,0.1,0,4,2
0.0,0.1,0,4,2
0.0,0.1,0,37,2
0.0,0.2,0,37,2
0.0,0.2,0,37,2
0.0,0.1,0,37,2
0.0,0.2,0,4,2
0.0,0.1,0,4,2
0.0,0.2,0,4,2
0.0,0.3,0,37,2
0.0,0.2,0,37,2
0.0,0.2,0,46,2
0.0,0.2,0,4,2
0.0,0.2,0,4,2
0.0,0.2,0,4,2
0.0,0.1,0,4,2
0.0,0.1,0,4,2
0.0,0.1,0,31,2
0.0,0.1,0,46,2
0.0,0.1,1,31,2
0.0,0.1,0,4,2
0.0,0.2,0,46,2
0.0,0.2,0,20,2
0.0,0.4,0,46,2
0.0,0.2,0,37,2
0.0,0.1,0,4,2
0.0,0.1,0,31,2
0.0,1.5,0,49,2
0.0,0.8,0,31,2
0.0,0.1,0,4,2
0.0,0.1,0,4,2
0.0,0.7,0,31,2
0.0,0.1,0,4,2
0.0,1.4,0,31,2
0.0,0.7,0,31,2
0.1,0.7,0,31,2
0.0,1.0,0,31,2
0.0,0.8,0,31,2
0.0,0.1,0,20,2
0.0,0.1,0,20,2
0.0,0.2,0,4,2
0.0,0.1,1,4,2
0.0,0.2,0,4,2
0.0,0.1,0,4,2
0.0,0.1,0,4,2
0.0,0.1,0,4,2
0.0,0.1,0,4,2
0.0,0.6,0,4,2
0.0,0.1,1,37,2
0.0,0.1,0,20,2
0.0,0.3,0,37,2
0.0,0.2,0,4,2
0.0,0.2,1,4,2
0.0,0.2,0,4,2
0.0,0.1,0,4,2
0.0,0.1,0,4,2
0.0,0.1,0,4,2
0.0,0.9,0,4,2
0.0,0.3,0,4,2
0.0,0.2,0,20,2
0.0,0.8,0,4,2
0.0,0.7,0,4,2
0.0,0.8,0,4,2
0.0,0.7,0,4,2
0.0,0.0,0,37,2
0.0,0.2,0,4,2
0.0,0.1,0,4,2
0.0,0.1,0,4,2
0.0,0.2,0,4,2
0.0,0.2,0,4,2
0.0,0.2,0,4,2
0.0,0.4,0,4,2
0.0,0.4,0,4,2
0.1,0.3,0,46,2
0.0,0.7,0,37,2
0.0,0.3,0,37,2
0.0,0.2,0,46,2
0.0,0.1,0,4,2
0.0,0.1,0,4,2
0.0,0.3,0,4,2
0.0,0.2,0,4,2
0.0,0.1,0,20,2
0.0,0.2,0,4,2
0.0,0.4,0,4,2
0.0,0.7,0,4,2
0.0,0.2,0,4,2
0.0,0.3,0,31,2
0.0,0.4,0,31,2
0.0,0.3,0,4,2
0.0,0.3,0,4,2
0.0,0.3,0,4,2
0.0,0.3,0,4,2
0.0,0.3,0,4,2
0.0,0.3,0,4,2
0.0,0.3,0,4,2
0.0,0.1,0,4,2
0.0,0.3,0,4,2
0.0,0.4,0,4,2
0.0,0.2,0,4,2
0.0,0.1,1,37,2
2.6,9.4,0,46,2
0.0,0.1,0,31,2
0.1,0.7,0,31,2
0.0,0.2,0,4,2
47.5,0.7,0,31,2
0.0,0.5,0,4,2
0.0,0.2,0,4,2
0.0,0.0,1,20,5
